ligand_id,smiles,no_2og_binary,no_2og_pred_value,no_2og_ligand_iptm
P4H6__Molport-000-462-706,Cc1cc2OC(N)=C(C#N)C(c3ccc4OCOc4c3)c2c(=O)n1CC1CCCO1,0.960954487,-1.434071064,0.960926414
P4H6__Molport-008-340-817,Cn1ccnc1C(=O)c1cccc(NC(=O)C(=O)NCC2COc3ccccc3O2)c1,0.956344604,-1.549201965,0.928756177
P4H6__Molport-023-255-952,O=C([C@@H]1CCCN1)N1CCC2(CN(CCc3ccccc3)C(=O)O2)CC1,0.944571197,-0.407930613,0.977126658
P4H6__Molport-000-855-184,Cc1nn2c(O)c(CCO)c(nc2c1-c1ccccc1)C(O)=O,0.942860007,-0.327752113,0.981791437
P4H6__Molport-008-362-610,O=c1n(CC2COc3ccccc3O2)cnc2ncccc12,0.934344053,-1.372270584,0.967920125
P4H6__Molport-045-919-233,Clc1ccc2cc1OCCCn1cc(CO[C@H]3CN(C[C@@H]3NC2=O)C(=O)c2ccc[nH]2)nn1,0.933128953,-1.398324966,0.963584661
P4H6__Molport-020-288-986,CNc1nc(nc2CCN(Cc12)C(=O)CN(C)Cc1ccc(OC)cc1)C1CCCN1,0.924786925,-1.142827034,0.972458303
P4H6__Molport-002-024-083,Sc1nnc(-c2cccnc2)n1-c1ccc2OCCOc2c1,0.912524223,-1.014683723,0.976647496
P4H6__Molport-051-702-810,Cc1ocnc1C(=O)N1CCC[C@@]2(CO)CCN(C[C@H]12)C(=O)COc1ccccc1,0.91108197,-0.97707057,0.962754607
P4H6__Molport-002-527-181,Cc1c(CCC(=O)NCC(=O)NCC(O)=O)c(=O)oc2cc3occ(c3cc12)C(C)(C)C,0.906420469,-1.432286263,0.963483632
P4H6__Molport-046-607-570,O=C(NCC1CCOC2(CCN(CC2)C(=O)C2CCOCC2)C1)c1ccccn1,0.906197786,-0.684425831,0.973314703
P4H6__Molport-051-702-679,O=C(NC[C@H]1[C@H]2C[C@H](CN(C2)C(=O)C2CCC2)c2cccc(=O)n12)c1ccc[nH]1,0.902757347,-1.111579895,0.967459559
P4H6__Molport-002-516-971,OC(=O)CCC(=O)SC(=S)N1C[C@@H]2C[C@@H](C1)c1cccc(=O)n1C2,0.902385116,-0.544479847,0.978341758
P4H6__Molport-023-333-856,OC(=O)c1ccnc(c1)-c1cc(cc(n1)-c1cc(ccn1)C(O)=O)C(O)=O,0.899095178,-1.937850952,0.962875009
P4H6__Molport-002-520-344,Cc1oc2cc3oc(=O)c(CCC(=O)NCC(=O)NCC(O)=O)c(C)c3cc2c1C,0.897260904,-1.248805523,0.948405325
P4H6__Molport-000-162-524,OC(=O)c1ccc(cc1)C(=O)c1cc(ccc1C(O)=O)C(O)=O,0.890738249,-0.413429976,0.975590408
P4H6__Molport-047-921-794,Cn1ccnc1C(=O)N1CCC2(CCc3c2nc([nH]c3=O)C(C)(C)C)CC1,0.890329242,-0.157226324,0.964016855
P4H6__Molport-047-517-878,COc1cc2CCOC3(CCN(CC3)C(=O)[C@@H]3CCCN3)c2cc1OC,0.889061809,0.036041975,0.971226811
P4H6__Molport-051-450-795,O[C@H]1CC[C@@H](CC1)N1CCCC2(CCCN2C(=O)c2ncc(F)cc2F)C1=O,0.887598991,-0.420742989,0.957542419
P4H6__Molport-044-683-986,CC(NC(=O)c1nccn1C)c1ccc2OCCCOc2c1,0.886300206,-0.316161394,0.974885941
P4H6__Molport-016-684-633,COc1cccc(C(=O)N2CCCC[C@H]3CN(C[C@@H]23)C(=O)c2ccn(C)n2)c1OC,0.886299908,-0.55644083,0.957586944
P4H6__Molport-039-106-605,O=C(NCC1COCCO1)c1cccc(c1)-c1cccnc1C#N,0.88609755,-0.931842804,0.906068861
P4H6__Molport-019-628-452,C\C(=C\C(=O)Nc1ccc(cc1)C(=O)OCC(=O)Nc1ccc2OCCOc2c1)C(O)=O,0.885679245,-0.886893272,0.954819977
P4H6__Molport-000-773-722,OC(=O)c1ccc(CC(=O)c2ccc(O)cc2O)o1,0.885005832,-1.020772696,0.96232295
P4H6__Molport-047-483-893,CC1=C(C[C@]2(C)CC[C@H]3[C@](O)(CO)CC[C@@]123)C(O)=O,0.884658098,-0.728169441,0.987969518
P4H6__Molport-051-700-905,Fc1cccc(CC(=O)NC[C@@H]2[C@H]3CC[C@]4(CN(C[C@H]24)C(=O)c2cocn2)O3)c1,0.884408236,-0.785844088,0.976605296
P4H6__Molport-051-742-881,COc1cc2C3N(CCc2cc1OCC(=O)NCCCOc1cccc3c1)C(=O)c1nccn1C,0.881134808,-1.07891655,0.946665227
P4H6__Molport-007-615-060,O=C(NCc1ccc2OCOc2c1)c1nnc(o1)-c1cccnc1,0.878097534,-0.940074682,0.976732254
P4H6__Molport-039-063-552,CCC(C)C(=O)c1c(O)cc(O)c(C)c1O,0.87554276,0.233387709,0.977051139
P4H6__Molport-051-717-099,CN([C@H]1C[C@H]2CCN(C[C@H]2C1)C(=O)c1ccccn1)C(=O)c1ccc2CCN(C)c2n1,0.874859273,-0.403547764,0.947900236
P4H6__Molport-047-079-591,CNC(=O)C[C@@H]1OC(C)(C)C[C@]11CCCN1C(=O)c1ncoc1C,0.874632359,-0.827171803,0.95650506
P4H6__Molport-002-519-585,Cc1oc2c(C)c3oc(=O)c(CCC(=O)NCC(=O)NCC(O)=O)c(C)c3cc2c1C,0.871573448,-0.312022924,0.973196805
P4H6__Molport-002-520-471,Cc1c(CCC(=O)NCC(=O)NCC(O)=O)c(=O)oc2cc3oc4CCCCc4c3cc12,0.870906353,-1.252351284,0.961335719
P4H6__Molport-051-748-937,Cc1ccc(CC(=O)NC[C@@H]2[C@H]3CC[C@]4(CN(C[C@H]24)c2ccc(C)nn2)O3)cc1,0.870283723,-0.566272259,0.973944545
P4H6__Molport-002-522-284,Cc1c(CCC(=O)NCC(=O)NCC(O)=O)c(=O)oc2c(C)c3oc4CCCCc4c3cc12,0.870114088,-0.986799717,0.944081068
P4H6__Molport-009-723-089,CC(C)n1ccc(n1)-c1nnc(NC(=O)c2ccc3OCOc3c2)o1,0.868798614,-0.611280441,0.970608115
P4H6__Molport-002-524-058,Cc1c(CC(=O)NCC(=O)NCC(O)=O)c(=O)oc2c(C)c3occ(c3cc12)C(C)(C)C,0.868166089,-1.328704834,0.978246987
P4H6__Molport-000-916-470,OC(=O)c1ccc(N\C=C2\N=C(OC2=O)c2ccco2)cc1,0.867814422,-0.875305653,0.978973627
P4H6__Molport-051-578-665,CCCCn1c(=O)n(CCCO)c2[nH]c(nc2c1=O)C12CC3CC1CC(C2)C3,0.867033958,-0.250716686,0.980240166
P4H6__Molport-001-993-081,FC(F)(F)c1cc(nc2cc(nn12)C(=O)NCCCN1CCOCC1)-c1ccco1,0.866780877,-1.38023901,0.962412715
P4H6__Molport-002-091-120,O=C(CNC(=O)C12CC3CC(CC(C3)C1)C2)NC1=NCCS1,0.866475344,-1.017303944,0.977591395
P4H6__Molport-000-824-945,Cc1nn2c(O)c(CCO)c(nc2c1-c1ccc(Cl)cc1)C(O)=O,0.86592114,-0.80270052,0.982497394
P4H6__Molport-051-630-070,COCCN1C(=O)N(CC(C)C)C2(CCN(CC2)C(=O)c2ncoc2C)C1=O,0.864304662,-0.673930168,0.946848452
P4H6__Molport-039-074-631,O=C(NCCn1ccc2ccoc2c1=O)c1ccc(cc1)N1CCOCC1,0.861795783,-0.3489995,0.966282487
P4H6__Molport-002-534-832,Cc1oc2c(c1C)c(C)cc1oc(=O)c(CC(=O)NCC(=O)NCC(O)=O)c(C)c21,0.860868573,-1.081617594,0.975075305
P4H6__Molport-027-866-305,Cc1ocnc1C(=O)N1CCC2(CC1)CCC(=O)N(CC=C)C2,0.858857036,0.626671314,0.946094155
P4H6__Molport-007-837-618,Cc1nn(c(C)c1CCC(=O)NCc1ccc2OCOc2c1)-c1ccc(nn1)N1CCOCC1,0.85838604,-0.745689392,0.959128797
P4H6__Molport-006-380-960,COc1ccc(cc1)C(N1CC2=CC3CC(C(O)=O)C2(O3)C1=O)c1nnnn1-c1ccc(OC)cc1,0.85821104,-1.43734169,0.973392308
P4H6__Molport-020-293-604,CNc1nc(nc2CN(Cc3cc4OCCOc4cc3OC)CCc12)C1CCCN1,0.85750556,-0.041938305,0.960822999
P4H6__Molport-002-520-769,Cc1c(CC(=O)NCC(=O)NCC(O)=O)c(=O)oc2cc3occ(-c4ccccc4)c3cc12,0.857064724,-1.357196331,0.963333011
P4H6__Molport-023-255-995,CCCCN1CCN(C(C(=O)N(C)C2CCN(C)CC2)c2ccccc2)C(=O)C1=O,0.856007934,-0.302312851,0.967276692
P4H6__Molport-002-572-666,OC(=O)c1ccc(\C=N/NC(=O)C2COc3ccccc3O2)cc1,0.8555305,-0.328807831,0.960889995
P4H6__Molport-002-720-461,COc1cccc(C2NC(Cc3ccccc3)(C3C2C(=O)N(C(C)C)C3=O)C(O)=O)c1O,0.854604363,-1.319268703,0.945079088
P4H6__Molport-035-858-545,FC(F)n1ccc(n1)C(=O)NCCC1COc2ccccc2O1,0.854476213,-0.308534622,0.96252501
P4H6__Molport-023-276-308,CCCCn1c(=O)n(CCCO)c2nc([nH]c2c1=O)C12CC3CC1CC(C2)C3,0.852585554,-0.258125067,0.983896434
P4H6__Molport-051-707-178,O=C(NC[C@@H]1[C@H]2CC[C@]3(CN(C[C@H]13)c1nc(no1)-c1ccccc1)O2)c1ccc[nH]1,0.852440357,-0.635354519,0.948491752
P4H6__Molport-023-316-305,O=C(N1CCCC2(CCC(=O)N(CCc3c[nH]cn3)C2)C1)c1ccc[nH]1,0.851865828,-0.093419313,0.9810009
P4H6__Molport-051-630-852,CCCc1cnc(nc1)N1CC[C@H](O)[C@@]2(CCCN(C2)C(=O)c2ccc[nH]2)C1,0.851495922,-0.60476613,0.949554265
P4H6__Molport-027-888-928,Cc1ocnc1C(=O)N1CCC2(C1)CCCN(C1CCOCC1)C2=O,0.849935412,-0.139206886,0.969945788
P4H6__Molport-028-575-003,Cc1ocnc1C(=O)N1CCC2(CN(CC3CCCO3)C(=O)C2)CC1,0.848680496,0.232303143,0.951077342
P4H6__Molport-002-248-771,CCC(C)C(NC(=O)C1CCCN1C(=O)C(NC(=O)OC(C)(C)C)C(C)C)C(N)=O,0.84675014,-0.275397778,0.97494626
P4H6__Molport-002-522-779,C[C@H](NC(=O)[C@H](C)NC(=O)CCc1c(C)c2cc3c(C)c(C)oc3cc2oc1=O)C(O)=O,0.845832586,-0.389061689,0.942911863
P4H6__Molport-002-522-488,Cc1coc2c(C)c3oc(=O)c(CCC(=O)NCC(=O)NCC(O)=O)c(C)c3cc12,0.84581852,-0.716198444,0.933901012
P4H6__Molport-035-879-400,Cc1cc(n[nH]1)N1CCC(CC1)NC(=O)C1COc2ccccc2O1,0.845193982,-1.180298805,0.983592749
P4H6__Molport-047-394-811,COc1cc2OCCOc2cc1-c1nccn1-c1cnc2sccn2c1=O,0.844936788,-1.55923748,0.93180114
P4H6__Molport-051-716-012,CN(C)CCNC(=O)[C@@]1(Cc2cscn2)C[C@H]2CC[C@@H]1N2C(=O)c1ccc[nH]1,0.84443748,-0.101349115,0.948211908
P4H6__Molport-047-733-906,Cc1ccc(nn1)N1C[C@@H]2[C@H](CNC(=O)CC3CCCC3)[C@H]3CC[C@]2(C1)O3,0.843984544,-0.534878016,0.959019125
P4H6__Molport-028-597-207,Cc1ocnc1C(=O)N1C[C@H]([C@@H]2[C@H]1C1CCN2CC1)c1ccc2OCOc2c1,0.842522323,-0.551329613,0.966889024
P4H6__Molport-001-646-451,O=C(c1ccc(COc2ccc3OCOc3c2)o1)n1cccn1,0.842231631,-0.367180586,0.947034717
P4H6__Molport-028-738-049,Fc1cnc(C(=O)N2CCC3(CC2)N(CCc2[nH]cnc32)C(=O)C2CC2)c(F)c1,0.841882229,-0.759025335,0.944398999
P4H6__Molport-016-706-731,O=C(Cc1ccc2OCCOc2c1)N1CCc2nc(ncc2C1)C1CCCN1,0.840151429,-0.797733068,0.955359876
P4H6__Molport-039-063-540,CC(C)C(=O)c1c(O)cc(O)c(C)c1O,0.839860082,0.756422043,0.98531425
P4H6__Molport-028-855-587,Cc1cc(=O)c(O)c(o1)C(CC(=O)N1CCOCC1)c1cc2cccc3CCCn(c23)c1=O,0.839797795,-1.630801201,0.95355922
P4H6__Molport-051-816-678,OC(=O)C12CC3CC(C1)C1(N=N1)C(C3)C2,0.839785814,2.152025223,0.981456637
P4H6__Molport-001-808-621,Oc1nnc(SCC(=O)c2ccc3OCCOc3c2)n1-c1cccnc1,0.839449823,-1.171917439,0.959578216
P4H6__Molport-047-934-436,Cc1cc(C)n(n1)-c1cc(ncn1)N1CC2CN(CC2C1)C(=O)C1CCOCC1,0.838153243,-0.556353331,0.977573395
P4H6__Molport-028-855-173,COc1ccc2cc(C(CC(=O)N3CCOCC3)c3oc(C)cc(=O)c3O)c(=O)n(C)c2c1,0.837035596,-1.087847948,0.965937138
P4H6__Molport-047-527-874,O=C(NC1CC1)c1cc2c(CCOC22CCN(CC2)C(=O)C2CCCN2)s1,0.837033391,-0.153348446,0.965421617
P4H6__Molport-046-980-684,CN(C)Cc1cnc(CC2CCN(CC2)C(=O)c2ncoc2C)cn1,0.836390316,0.018107414,0.954275072
P4H6__Molport-051-651-967,Cc1ccnc(O)c1NCc1cc2cc3OCCOc3cc2[nH]c1=O,0.835252762,-1.33781004,0.970917583
P4H6__Molport-038-421-314,Fc1cnc(C(=O)NCc2ccc3OCCCOc3c2)c(F)c1,0.833812833,-0.470609188,0.978033721
P4H6__Molport-051-448-117,CC(C)N1CCCC2(CCCN2C(=O)c2ncoc2C)C1=O,0.833775401,0.501772404,0.939857662
P4H6__Molport-019-891-948,Fc1cccc(c1)-c1nc(CNC(=O)C2COCCO2)[nH]c1-c1ccccn1,0.832826734,-0.766580105,0.952516556
P4H6__Molport-000-093-145,CCOC(=O)C1(C)NC(C2C1C(=O)N(C2=O)c1cccc(OC)c1)c1ccc(OC)cc1OC,0.831356645,-0.890360355,0.973736465
P4H6__Molport-023-252-365,CC(C)CCN1CC2(CCCN(C2)C(=O)c2cnc(O)cn2)CCC1=O,0.831234634,-0.339807034,0.934731901
P4H6__Molport-003-048-264,Fc1ccc(cc1)-n1ncc2c1ncn(CC(=O)Nc1ccc3OCCOc3c1)c2=O,0.829982162,-1.431917667,0.971019983
P4H6__Molport-035-821-277,O=C(N1CCC(C1)Oc1cccnn1)c1cccc2OCCOc12,0.828649879,0.479931355,0.949997962
P4H6__Molport-008-365-934,CN(CC1COCCO1)Cc1ccc(cc1)-c1nc(cc(=O)[nH]1)-c1cccnc1,0.827970564,-0.732681274,0.946892619
P4H6__Molport-019-892-255,Oc1cc(cc2CN(CCOc12)C(=O)C1CCCO1)-c1cccnc1,0.827716351,0.138898849,0.978858232
P4H6__Molport-047-390-563,CCC(CC)CN1CCOC2(CCN(CC2)c2cncc(n2)C(O)=O)CC1=O,0.826034546,-0.167182207,0.967684746
P4H6__Molport-008-292-964,OC(=O)C1C2CCC(C2)C1C(=O)Nc1ncn(Cc2ccc(F)cc2)n1,0.825871348,0.642581463,0.96365273
P4H6__Molport-002-606-399,CC(C)(C)C(=O)[C@H]1[C@@H]2[C@H]([C@@H]3C=CC=NN13)C(=O)N(C2=O)c1cccc(c1)[N+]([O-])=O,0.824931979,-0.838866711,0.971945524
P4H6__Molport-051-710-617,O=C(NC[C@@H]1[C@H]2CC[C@]3(CN(C[C@H]13)C(=O)c1cocn1)O2)c1ccc2[nH]cnc2c1,0.824827611,-0.308139324,0.948849559
P4H6__Molport-008-289-505,CC(C)C(NC(=O)c1c[nH]c2nc(C)nn2c1=O)c1ccc2OCCCOc2c1,0.824612379,-0.579773426,0.967558026
P4H6__Molport-035-706-480,COc1c(O)cc2oc3cc(O)cc(C)c3c(=O)c2c1O,0.824329972,-1.162271738,0.985470355
P4H6__Molport-047-396-915,Fc1cncc(c1)C(=O)N1CCC2(CC1)CC(=O)N(CC1CCC1)CCO2,0.824143529,-0.3651793,0.963407576
P4H6__Molport-028-578-840,Fc1cncc(c1)C(=O)N1CCC2(C1)CCCN(C1CCOCC1)C2=O,0.824018955,-0.053716898,0.957654953
P4H6__Molport-021-768-983,Cn1cccc1C(=O)N1CC[C@@H]2[C@@H](CCC(=O)N2CCCn2ccnc2)C1,0.823794723,0.221675396,0.944917142
P4H6__Molport-000-436-571,CCOc1cc(\C=C2\SC(=S)N(C(CC(O)=O)C(O)=O)C2=O)ccc1O,0.823229909,-1.289083958,0.962180734
P4H6__Molport-039-116-911,Fc1cccc(c1)-c1nnc(CN2CCC3(COC(=O)O3)CC2)o1,0.822587967,-0.455078602,0.977473736
P4H6__Molport-007-837-641,Cc1ccc(CNC(=O)CCc2c(C)nn(c2C)-c2ccc(nn2)N2CCOCC2)o1,0.822406292,-0.888154984,0.957199454
P4H6__Molport-023-204-798,O=C(Nc1nc(co1)C(=O)Nc1ccc2OCCOc2c1)C1CC1,0.821906149,-0.638007879,0.953876257
P4H6__Molport-047-695-652,OC1(CC(=O)N2CCC3(CCCN(C3)C(=O)c3cscn3)CC2)CCC1,0.821578979,-0.397913456,0.963243723
P4H6__Molport-003-042-619,Clc1cccc(c1)-n1nnc2c1ncn(CC(=O)Nc1ccc3OCCOc3c1)c2=O,0.821553111,-0.883930206,0.96343559
P4H6__Molport-022-379-188,CC(C)C(=O)c1c(O)cc(O)cc1O,0.821308017,0.620826006,0.97930932
P4H6__Molport-051-866-096,CN(C)S(=O)(=O)N1C[C@@H]2CN(C[C@@H]2[C@H]1c1ccccc1C)c1ccc(C)nn1,0.821237206,-0.565799952,0.977189064
P4H6__Molport-002-606-875,COc1ccc(OC)c(c1)N1C(=O)[C@H]2[C@@H]3C=CC=NN3[C@H]([C@H]2C1=O)C(=O)C(C)(C)C,0.82030046,-0.74106288,0.966151297
P4H6__Molport-038-422-514,O=C(N[C@@H]1[C@@H]2CCO[C@@H]2[C@@H]1C1CCCC1)c1cnc([nH]c1=O)C1CC1,0.819913626,-0.847805262,0.968869507
P4H6__Molport-051-910-002,CC1(CCC(=O)Nc2ccc3OCCOc3c2)N=N1,0.819103658,0.444694519,0.975358307
P4H6__Molport-000-450-916,OC(=O)c1ccccc1OCC(=O)c1ccc(O)cc1O,0.818602979,-0.087123632,0.97409451
P4H6__Molport-027-850-662,COC(=O)c1[nH]\c(=N\C(=O)Cc2ccc3OCCCOc3c2)sc1C,0.817131341,-0.735738993,0.942274868
P4H6__Molport-005-944-143,Cc1c(C(O)=O)c(O)cc2C(=O)c3cccc(O)c3C(=O)c12,0.816334784,0.099055052,0.985615134
P4H6__Molport-047-075-166,O[C@H]1CCN(CCCCCc2ccccc2OC[C@H]1O)C(=O)c1cccnc1O,0.815448761,-0.762595654,0.951196074
P4H6__Molport-039-194-160,OC(=O)CCCCN1C(=S)S\C(=C/N2C[C@@H]3C[C@H](C2)c2cccc(=O)n2C3)C1=O,0.815304577,-0.889331341,0.958879948
P4H6__Molport-028-856-094,Cc1cc(=O)c(O)c(o1)C(CC(=O)N1CCOCC1)c1ccc(O)c(Cl)c1,0.815266073,-1.945693493,0.961864531
P4H6__Molport-047-924-209,O[C@H]1CCN(CCCC(O)=O)C[C@@]1(CCCc1ccccc1)C(O)=O,0.815245986,0.853521824,0.969959021
P4H6__Molport-000-073-512,O=C(CCC(=O)N(CC(=O)NCC1CCCO1)Cc1ccco1)Nc1nccs1,0.815219641,-0.540464401,0.960444093
P4H6__Molport-047-489-114,CNC(=O)[C@@H]1C[C@H](CN1)n1cc(nn1)-c1ccc(CN2C[C@H](C)O[C@H](C)C2)cc1,0.815032721,-0.189795017,0.967878759
P4H6__Molport-002-520-519,Cc1oc2c(C)c3oc(=O)c(CC(=O)NCC(=O)NCC(O)=O)c(C)c3cc2c1C,0.81495434,-0.579997063,0.951270461
P4H6__Molport-003-820-652,Cc1c(\N=N\c2ccc(cc2)C(O)=O)c(O)n(CCO)c(=O)c1C#N,0.814877987,-0.651795626,0.977784812
P4H6__Molport-009-748-378,OCCn1nc(cc1NC(=O)Cn1c2ccccc2oc1=O)-c1ccco1,0.814017296,-1.315690041,0.973633647
P4H6__Molport-044-680-741,Cc1cc(C[C@@H]2COC[C@@H]2NC(=O)N2CCOc3ccccc3C2)on1,0.813084126,-0.746851206,0.962546408
P4H6__Molport-010-911-058,CC(C)Cn1c(=O)n(CC(=O)Nc2ccc3OCCOc3c2)c2csnc2c1=O,0.813029647,0.486169815,0.945633411
P4H6__Molport-028-737-535,CCc1ocnc1C(=O)N1CCCC(CNC(=O)c2ccc3OCOc3c2)C1,0.812833369,0.092932701,0.977437794
P4H6__Molport-000-853-302,Cc1c(CC(=O)N2CCN(CC2)C(=O)C2COc3ccccc3O2)c(=O)oc2c(O)c(O)ccc12,0.812185764,-1.700345993,0.969879448
P4H6__Molport-015-153-442,OC(=O)c1ccc(cc1)-c1ccc(cc1O)C(O)=O,0.811551154,0.268458605,0.974093735
P4H6__Molport-005-945-530,O[C@H]1[C@@H](Oc2cc(O)ccc2C1=O)c1ccc(O)cc1,0.811524034,-0.827510357,0.974784672
P4H6__Molport-000-678-761,Oc1ccc(CC(=O)c2ccc(O)cc2O)cc1,0.811109245,-0.726785183,0.966190636
P4H6__Molport-051-754-244,CCCc1cc(no1)C(=O)N1C[C@@H]2[C@H](CNC(=O)c3ccc[nH]3)[C@H]3CC[C@]2(C1)O3,0.809976518,-1.114646673,0.971096635
P4H6__Molport-051-752-477,COc1ccc(F)cc1C(=O)N1C[C@@H]2[C@H](CNC(=O)c3ccc[nH]3)[C@H]3CC[C@]2(C1)O3,0.809812188,-0.133985996,0.965236485
P4H6__Molport-047-264-904,O=C(N1CCC2(COC(COCC3CC3)C2)CC1)c1cocn1,0.809025764,-0.487919807,0.975939095
P4H6__Molport-000-093-147,CCOC(=O)C1(C)NC(C2C1C(=O)N(C2=O)c1cccc(OC)c1)c1ccc(OC)c(OC)c1,0.808416486,-1.13365531,0.959442019
P4H6__Molport-016-702-138,CCN1CC(CC1=O)C(=O)NC1CC(C)(C)Cc2nc(ncc12)-c1cnccn1,0.807591975,-0.10662365,0.973697722
P4H6__Molport-000-190-206,Cc1cc2OC(N)=C(C#N)C(c3ccc4OCOc4c3)c2c(=O)[nH]1,0.807485282,-0.554322481,0.959891498
P4H6__Molport-047-142-994,O=C(C1CCCCC1)N1CC2(C1)C(CCS2(=O)=O)c1nc(no1)-c1ccccn1,0.80718714,-0.575056314,0.973557472
P4H6__Molport-047-067-330,Clc1cccc(OCC2(CC(=O)N3CCOCC3)CN(CCO2)C(=O)c2ccccn2)c1,0.806922078,-0.798980474,0.964507103
P4H6__Molport-002-534-554,OC(C(O)c1ccc(cc1)C(O)=O)c1ccccc1,0.806488276,0.679954767,0.98774147
P4H6__Molport-004-786-922,OC(=O)c1ccc2cc(O)c(O)cc2c1,0.806348681,0.26478982,0.972452343
P4H6__Molport-000-073-281,CC(C)NC(=O)CN(C(=O)CCC(=O)Nc1nccs1)c1ccc2OCCOc2c1,0.805842996,-0.982037544,0.950221598
P4H6__Molport-003-142-953,Clc1cccc(c1)N1CCN(Cc2cc(=O)c(OCC(=O)N3CCOCC3)co2)CC1,0.805835068,-0.51279521,0.978422999
P4H6__Molport-000-656-593,OC(=O)COc1ccc(C(=O)Cc2ccc3OCCCOc3c2)c(O)c1,0.805488706,-0.028946161,0.962591946
P4H6__Molport-047-661-128,Cc1nc(cs1)C(=O)N1CCOC(C1)c1cn2c(cccc2n1)N1CCOCC1,0.805321097,-0.878338099,0.966555059
P4H6__Molport-027-888-427,CCOC(C)C(=O)N1CCC2(CC1)CCC(=O)N(Cc1cccnc1)C2,0.804824412,-0.064390659,0.969985604
P4H6__Molport-047-945-911,COc1ccc(C[C@@]2(O)COc3cc(O)cc(O)c3C2=O)cc1,0.804813504,-0.470504522,0.973150194
P4H6__Molport-051-749-830,CN1CCN(CC1)C(=O)[C@@H]1C[C@H]2CCN(C[C@@H]12)C(=O)c1c(C)[nH]c(C(C)=O)c1C,0.804790497,-0.129149675,0.952396214
P4H6__Molport-047-515-002,CN1CCC(CC1)Oc1ccc(NC(=O)[C@@H]2C[C@H](CN2)n2cc(nn2)C(O)=O)cc1,0.802520156,0.327750444,0.961222351
P4H6__Molport-008-362-193,COCc1nc(CNC(=O)CC23CC4CC(CC(C4)C2)C3)no1,0.801524282,0.267016649,0.969424129
P4H6__Molport-035-881-848,COC(=O)C1Oc2cc(C)oc(=O)c2C1c1ccc(OC)c(O)c1,0.801231325,0.019313812,0.969618559
P4H6__Molport-028-588-135,CN(C)CCCn1ccnc1C1CCN(CC1)C(=O)c1ncoc1C,0.801205158,0.107553244,0.938522756
P4H6__Molport-009-497-251,CS(=O)(=O)c1ccc2nc(NC(=O)C3=COCCO3)sc2c1,0.800574183,-0.421534061,0.983219624
P4H6__Molport-027-870-190,Cc1noc(C)c1CN1CC2(CC1=O)CCN(CC2)C(=O)c1ccc[nH]1,0.799832642,-0.215805292,0.969483018
P4H6__Molport-023-266-039,CCCCN1CCN(C(C(=O)NCC2CCN(C)CC2)c2ccccc2)C(=O)C1=O,0.798407435,-0.464292526,0.961121798
P4H6__Molport-019-565-760,OC(=O)CCC(=O)Nc1ccc(cc1)C(=O)OCC(=O)Nc1ccc2OCCOc2c1,0.79817766,-0.322842836,0.966403067
P4H6__Molport-000-091-593,COC(=O)C1(C)NC(C2C1C(=O)N(C2=O)c1ccccc1)c1ccc(OC)cc1,0.796305776,-0.125830412,0.906526804
P4H6__Molport-003-128-279,Cc1ccccc1-n1ncc2c1ncn(CC(=O)Nc1ccc3OCCOc3c1)c2=O,0.795983195,-1.020630598,0.951621413
P4H6__Molport-027-718-100,Cn1c(CN2C[C@H]3C[C@@H](C2)c2cccc(=O)n2C3)cc(=O)c(O)c1CN1CCCCCC1,0.794685841,-0.092447758,0.963130951
P4H6__Molport-035-381-251,COc1cc2OCCOc2cc1CN1CCN(CC1)C(=O)c1ccc[nH]1,0.794354022,-0.490144014,0.93577826
P4H6__Molport-028-580-579,COc1cccc2CC(CNC(=O)c3ncoc3C)COc12,0.794118285,-0.337247372,0.963916063
P4H6__Molport-000-665-755,CS(=O)(=O)c1ccc2nc(NC(=O)C3COc4ccccc4O3)sc2c1,0.794059634,-0.240785122,0.984403729
P4H6__Molport-047-033-827,CN1CCN(CC1)C(=O)C[C@H]1CN(CC[C@@H]1Oc1ccccc1)C(=O)c1ncoc1C,0.794035196,-0.641021013,0.950939953
P4H6__Molport-039-043-536,Cc1nc(NC(=O)CN2CCOC3(CCCC3)C2)sc1C(O)=O,0.793888807,0.036306381,0.977776468
P4H6__Molport-047-934-466,Cc1cc(C)n(n1)-c1cc(ncn1)N1CC2CN(CC2C1)C(=O)NC(C)(C)C,0.793732762,-0.378527403,0.945120156
P4H6__Molport-016-590-266,Cc1ccc(nn1)N1CCN(CC1)C(=O)Nc1ccc2OCCOc2c1,0.793402255,-0.632455826,0.964273632
P4H6__Molport-047-293-320,COCC1C(=O)N(CC2CC2)CC11CCN(CC1)C(=O)c1ccccn1,0.792678654,0.423090935,0.943785071
P4H6__Molport-047-290-649,COCCN1C(=O)CCC11CCCN(CC1)C(=O)c1ccc[nH]1,0.792400897,0.805025578,0.953612804
P4H6__Molport-007-726-521,CN1CCN(CCCNC(=O)c2sc3nc4CCCCCn4c(=O)c3c2C)CC1,0.792095304,-0.581375122,0.948403895
P4H6__Molport-044-706-379,Cc1[nH]nc(CCC(=O)NCc2ccc3OCCCOc3c2)c1C,0.791411519,-0.412830353,0.935253501
P4H6__Molport-051-627-338,CCN1C(=O)N(CC(C)C)C2(CCN(CC2)C(=O)c2ncc(F)cc2F)C1=O,0.790679336,-0.606509686,0.962909222
P4H6__Molport-027-718-654,Cc1cc2OC(=O)CC(c3coc4ccccc4c3=O)c2c(=O)[nH]1,0.790210664,-0.843540668,0.906129897
P4H6__Molport-002-640-664,Oc1ccc2C(=O)\C(Oc2c1CN1CCOCC1)=C\c1cccnc1,0.789893389,-0.407285213,0.979732394
P4H6__Molport-002-558-058,Cc1cccc(\C=N\NC(=O)c2ccc3OCCOc3c2)c1O,0.789523959,-0.731123686,0.962693334
P4H6__Molport-047-948-299,CCCCn1ccn(-c2ccc3OCCOc3c2)c(=O)c1=O,0.789257765,-0.203644753,0.961185813
P4H6__Molport-029-883-776,COCc1cc(=O)c(O)c(o1)C(CC(=O)N1CCOCC1)c1ccccc1,0.789078414,-0.49648881,0.966621041
P4H6__Molport-001-556-016,CCCCOc1ccc(cc1)C(=O)NNC(=O)C1C2CCC(C2)C1C(O)=O,0.788893163,0.715324402,0.93745786
P4H6__Molport-051-743-800,Cc1ccc(nn1)N1C[C@@H]2[C@H](CNC(=O)c3ccc4OCOc4c3)[C@H]3CC[C@]2(C1)O3,0.788565993,-0.475797176,0.901901662
P4H6__Molport-051-709-128,CCCn1c2nc([nH]c2c(=O)n(CCC)c1=O)C1CC2CC1C1OC21,0.788530529,0.175216198,0.977004707
P4H6__Molport-047-934-455,Cc1cc(C)n(n1)-c1cc(ncn1)N1CC2CN(CC2C1)C(=O)NC1CCCC1,0.788525105,-0.842123747,0.95707804
P4H6__Molport-028-604-807,Cc1ccc(N2CCN(CC2)C(=O)CN2C(O)=NC3(CCCC3)C2=O)c(C)c1,0.788516521,-0.409537792,0.970449626
P4H6__Molport-030-041-973,Cn1c(Cc2ccc3OCCCOc3c2)nnc1SCC(O)=O,0.788283408,0.481672049,0.981393278
P4H6__Molport-044-725-914,C[C@]12[C@@H](CC[C@@]1(O)[C@H]1CC[C@H]3C[C@H](O)CC[C@@]3(C)[C@@H]1C(=O)[C@H]2O)c1ccc(=O)oc1,0.787968874,-0.866295099,0.96953398
P4H6__Molport-035-941-544,Oc1cccc(CC(=O)c2cc(O)ccc2O)c1,0.786986828,-0.083309174,0.957978845
P4H6__Molport-000-073-571,O=C(CCC(=O)N(CC1CCCO1)CC(=O)NCc1ccc2OCOc2c1)Nc1nccs1,0.78650713,-1.123318195,0.970816135
P4H6__Molport-016-698-698,CC1(C)Oc2ccc(cc2N(CC(=O)NC2CC2)C1=O)C(=O)c1ccco1,0.78639549,-0.118054867,0.984870493
P4H6__Molport-028-607-607,O=C(Nc1nccs1)C1C2OC3(CN(CCc4ccccc4)C(=O)C13)C=C2,0.785963416,-0.721364498,0.933534324
P4H6__Molport-035-701-052,CCOC(=O)c1c[nH]c(=O)c(C(CC(O)=O)c2cc(OC)c3OCCOc3c2)c1O,0.785716891,-0.62182951,0.947718561
P4H6__Molport-028-855-766,COc1ccc(cc1)C(CC(=O)N1CCOCC1)c1oc(C)cc(=O)c1O,0.785528779,-1.024830341,0.955872774
P4H6__Molport-000-649-272,CCOc1cc(\C=C2/SC(=S)N(C(CC(O)=O)C(O)=O)C2=O)ccc1O,0.785206437,-1.182420254,0.967900038
P4H6__Molport-027-814-713,CCC(CO)NC(=O)c1cnc(nc1O)C12CC3CC(CC(C3)C1)C2,0.785185575,0.623571634,0.973422766
P4H6__Molport-046-953-938,CN(C)c1cc(CN(C)S(=O)(=O)c2ccc3OCCOc3c2)nc(n1)C1CCCN1,0.785136104,-0.154889584,0.96447885
P4H6__Molport-002-742-672,O=C(CSc1nnnn1-c1cccnc1)Nc1ccc2OCCOc2c1,0.784542739,-0.859903097,0.948072851
P4H6__Molport-051-753-443,Cc1ccc(nc1)N1CCC2(CC1)OCC[C@](C)(NC(=O)c1ccccn1)[C@H]2O,0.784542143,0.088194132,0.874428928
P4H6__Molport-049-202-385,CC(COC(C)=O)C1=C(O)C(=O)C2=C(C(O)C(O)C3C(C)(C)CCCC23C)C1=O,0.784521282,-0.48103857,0.947725654
P4H6__Molport-016-609-747,CC(=O)c1[nH]c(C)c(C(=O)NC2CN3CCC2CC3)c1C,0.784469485,0.574612141,0.979972422
P4H6__Molport-038-425-751,COc1cc2OCCOc2cc1CNC(=O)c1ncc(F)cc1F,0.784382463,-0.401425123,0.964402854
P4H6__Molport-004-969-764,[O-][N+](=O)c1ccc(\C=N\NC(=O)c2ccc3OCCOc3c2)o1,0.784005642,-0.34447217,0.961660147
P4H6__Molport-010-854-530,CC(Sc1nnc(-c2ccc3OCCCOc3c2)n1C)C(O)=O,0.783434153,0.331972837,0.962084413
P4H6__Molport-002-597-951,Cc1ccc(cc1N1C(=O)[C@H]2[C@@H]3C=CC=NN3[C@H]([C@H]2C1=O)C(=O)C(C)(C)C)[N+]([O-])=O,0.783014178,-0.693113327,0.969771206
P4H6__Molport-002-520-045,Cc1c(CC(=O)NCC(=O)NCC(O)=O)c(=O)oc2cc3oc4CCCCc4c3cc12,0.78149724,-0.086820602,0.937230945
P4H6__Molport-001-556-014,CC(C)(C)c1ccc(cc1)C(=O)NNC(=O)C1C2CCC(C2)C1C(O)=O,0.78117919,0.216718674,0.970395088
P4H6__Molport-047-733-668,O=C(NC[C@@H]1[C@H]2CC[C@]3(CN(C[C@H]13)C(=O)C1CCCCCC1)O2)c1ccon1,0.780866146,0.044590712,0.947271049
P4H6__Molport-005-309-025,OC(=O)CSc1cc(O)c2C(=O)c3ccccc3C(=O)c2c1O,0.780455053,0.025504827,0.982581079
P4H6__Molport-038-396-912,Cc1ocnc1C(=O)N[C@H]1[C@@H]2CCO[C@@H]2[C@@H]1C1CCCC1,0.780409217,-0.797887564,0.954654455
P4H6__Molport-001-556-013,CC(C)(C)c1ccc(cc1)C(=O)NNC(=O)C1C2CC(C=C2)C1C(O)=O,0.779995322,-0.263000488,0.974393845
P4H6__Molport-006-318-181,Oc1cc(O)c(C(=O)COc2ccc3OCCOc3c2)c(O)c1,0.779952824,-0.849359989,0.9506495
P4H6__Molport-047-235-206,CC(C)NC(=O)N1CCCC2(C1)COCCN(C2)c1ccc(C)nn1,0.779654562,-0.588970184,0.850245535
P4H6__Molport-002-357-027,OC(=O)CCN1C(=S)S\C(=C/c2ccc(O)c(O)c2)C1=O,0.779479504,-0.099671125,0.972068369
P4H6__Molport-008-286-383,CC(NC(=O)Cc1ccc2OCOc2c1)c1cc(O)n2nc(cc2n1)C1CCOCC1,0.77789098,-0.647981882,0.951751709
P4H6__Molport-002-520-625,Cc1c(CC(=O)NCC(=O)NCC(O)=O)c(=O)oc2c(C)c3oc4CCCCc4c3cc12,0.777257502,-0.616777658,0.895708382
P4H6__Molport-028-598-482,Fc1ccc2OCC(=O)N(Cc3noc(n3)C3CCCO3)c2c1,0.776910305,-0.291402102,0.952435255
P4H6__Molport-051-625-825,CC(C)c1ccc(C(=O)NC[C@H]2[C@@H]3CNC[C@@H](C3)[C@@H]3CCCC(=O)N23)c(O)n1,0.776873469,-0.469438791,0.984122515
P4H6__Molport-027-869-748,Cc1cnc(CN2CC3(CCCN(C3)C(=O)c3cscn3)CCC2=O)cn1,0.776784897,-0.262316942,0.96987319
P4H6__Molport-000-265-201,Clc1ccc(cn1)S(=O)(=O)Nc1ccc2OCCOc2c1,0.776026726,-0.515678883,0.9791587
P4H6__Molport-000-712-132,Oc1ccc(cc1)C(=O)c1ccc(O)cc1O,0.775832176,0.04701519,0.955124795
P4H6__Molport-001-573-726,CC(Oc1cc(C)cc(C)c1)C(=O)NNC(=O)C1C2CCC(C2)C1C(O)=O,0.775598168,0.880716681,0.947356284
P4H6__Molport-047-285-857,CN(C)CCN1C(=O)CCC11CCCN(CC1)C(=O)c1ccc[nH]1,0.775449276,0.2395401,0.963332295
P4H6__Molport-002-686-710,Oc1ccc(\C=N\NC(=O)c2ccc3OCCOc3c2)c(O)c1,0.775349021,-0.786441088,0.966330767
P4H6__Molport-051-532-147,O=C(N1CCC2(C1)Cn1c(CO2)nn(CCC2CCCCC2)c1=O)c1ccon1,0.775017142,-0.969317675,0.94374913
P4H6__Molport-051-637-802,CCOCC(=O)N1C[C@@H]2CN(C[C@]2(CCc2ccccc2)C1)C(=O)c1cocn1,0.775011539,-0.33686161,0.940574467
P4H6__Molport-001-553-835,CC(C)(C)c1ccc(OCC(=O)NNC(=O)C2C3CC(C=C3)C2C(O)=O)cc1,0.774755716,0.474145889,0.95292908
P4H6__Molport-001-506-103,CC(=O)Oc1ccc2nc(oc(=O)c2c1)-c1ccco1,0.774701416,0.197899103,0.983733118
P4H6__Molport-007-550-567,OC(=O)CCCC(=O)c1ccc2OCCOCCOCCOCCOc2c1,0.774689794,0.392817497,0.969351292
P4H6__Molport-047-152-586,COc1cc(ccc1O)C1Oc2cc(O)cc(O)c2C(=O)C1=O,0.774528265,-0.768326044,0.971177816
P4H6__Molport-021-772-937,CCCN(C)Cc1cc2CN(CCCn2n1)C(=O)CCc1n[nH]c(C)c1C,0.77419126,-0.377365828,0.941753745
P4H6__Molport-001-914-433,O=C(NNC(=S)NC(=O)C12CC3CC(CC(C3)C1)C2)c1ccncc1,0.77409029,0.124306202,0.979097366
P4H6__Molport-051-715-872,O[C@@H]1CCN(C[C@@H]1C(=O)N1CCC2(CCc3ccccc23)CC1)C(=O)c1cnc[nH]1,0.77404201,-0.516803265,0.960089982
P4H6__Molport-002-139-665,Oc1ccc(cc1\C=N\NC(=O)C1COc2ccccc2O1)[N+]([O-])=O,0.773698449,-1.243420124,0.975427926
P4H6__Molport-020-288-603,CNc1nc(nc2CN(CCc12)C(=O)c1ccccn1)C1CCN(C)CC1,0.773310721,0.158617973,0.92300415
P4H6__Molport-002-678-292,OC(=O)CCN1C(=S)S\C(=C\c2cc3cc4OCCOc4cc3[nH]c2=O)C1=O,0.773273826,-0.34505558,0.964797616
P4H6__Molport-027-877-044,O=C(CCCn1ccnc1)N1CCC2(CC1)CCC(=O)N(Cc1ccccn1)C2,0.772900224,-0.081451178,0.9429757
P4H6__Molport-047-306-783,CCN1CCC11CCN(CC1)C(=O)c1ccc[nH]1,0.772579849,0.204837084,0.967854381
P4H6__Molport-051-915-260,O=C1NCCc2c(NCC3CCCCO3)nc(Cc3ccc4OCOc4c3)nc12,0.772282779,-0.819059134,0.973663092
P4H6__Molport-000-142-033,OC(=O)CCC(=O)c1ccc2OCCOc2c1,0.771937907,1.309515834,0.972445071
P4H6__Molport-002-467-061,OC(=O)c1ccc(NS(=O)(=O)c2ccc3OCCCOc3c2)cc1,0.771915913,0.424942017,0.960088313
P4H6__Molport-002-535-029,Cc1c(CC(=O)NCC(=O)NCC(O)=O)c(=O)oc2cc3OC4(CCCCC4)CCc3cc12,0.77183044,-1.192861557,0.959810734
P4H6__Molport-046-068-247,COc1ccc(cc1)C(CC(=O)NCCCN1CCN(C)CC1)c1oc(C)cc(=O)c1O,0.771505833,-0.371762276,0.950163424
P4H6__Molport-005-511-714,CC1CCC2(CC1)NC(=O)N(CC(=O)Nc1nccs1)C2=O,0.771458745,-0.836584091,0.973813355
P4H6__Molport-000-155-232,OC(=O)CCCC(=O)c1ccc2OCCOc2c1,0.77084595,0.985442042,0.985355496
P4H6__Molport-000-073-504,O=C(CCC(=O)N(CC(=O)NCC1CCCO1)c1ccc2OCCOc2c1)Nc1nccs1,0.770793617,-1.480528831,0.946704209
P4H6__Molport-023-251-143,COCCN1CC2(CCCN(C2)C(=O)c2ccc[nH]2)CCC1=O,0.770784557,0.216942787,0.931636035
P4H6__Molport-047-393-096,CCCCN1CCOC2(CCN(CC2)C(=O)c2ncc(F)cc2F)CC1=O,0.770640492,-0.304596901,0.950412452
P4H6__Molport-029-883-548,COCc1cc(=O)c(O)c(o1)C(CC(=O)N1CCOCC1)c1ccsc1,0.770492911,-1.635958672,0.945617199
P4H6__Molport-002-994-393,COc1ccc(-c2ccc(\C=N\NC(=O)CC3(C)OCCO3)o2)c(c1)[N+]([O-])=O,0.770252109,0.313213587,0.939121425
P4H6__Molport-002-162-649,Oc1ccc(cc1\C=N\N1C(=O)C2C(C3CCC2C=C3)C1=O)[N+]([O-])=O,0.76990819,-1.468701839,0.968985856
P4H6__Molport-002-563-069,CC(C)C1C2CCCCC2=NN1C(=O)\C=C\C(O)=O,0.769421101,0.616097212,0.978700578
P4H6__Molport-039-052-281,COc1c(O)cc2C(=O)c3cc(C)c(O)c(OC)c3C(=O)c2c1O,0.769379497,-0.380013227,0.976746738
P4H6__Molport-028-856-522,Cc1cc(=O)c(O)c(o1)C(CC(=O)N1CCOCC1)c1ccc(O)cc1,0.769360781,-1.372703552,0.938211322
P4H6__Molport-001-553-680,Cc1cc(OCC(=O)NNC(=O)C2C3CC(C=C3)C2C(O)=O)cc(C)c1Cl,0.769313455,-0.072269201,0.964733005
P4H6__Molport-028-854-892,COC(=O)CC(c1coc2ccccc2c1=O)c1oc(C)cc(=O)c1O,0.769171596,-0.931760788,0.944856882
P4H6__Molport-002-532-994,Cc1c(CC(=O)NCc2ccc3OCOc3c2)c(=O)oc2c(O)c(O)ccc12,0.768925309,-1.991730213,0.968295991
P4H6__Molport-027-844-637,OC(=O)c1ccc2nc3C(O)=C(O)c3nc2c1,0.768920898,-0.10346508,0.977589726
P4H6__Molport-051-886-850,Oc1c(\C=N\NC(=O)c2ccc3OCCOc3c2)cccc1[N+]([O-])=O,0.768782854,-1.184864521,0.962526679
P4H6__Molport-047-948-115,CC(C)CCn1ccn(-c2ccc3OCCOc3c2)c(=O)c1=O,0.768729746,-0.243937492,0.958713233
P4H6__Molport-021-778-511,Cc1ccn(n1)-c1cc(ncn1)N1CCN(CC1)C(=O)Nc1ccc2OCCOc2c1,0.768201649,-1.096486092,0.957265258
P4H6__Molport-039-216-584,Cc1cc2OCCOc2cc1NC(=O)N1CCN(CC1)C(=O)c1ccc[nH]1,0.767004967,-0.988414764,0.97801137
P4H6__Molport-002-144-730,CC1(C)Oc2ccc3ccc(=O)oc3c2\C(=N/O)C1=O,0.767003059,-0.560301781,0.97029227
P4H6__Molport-001-739-588,Cc1cc(O)cc2oc3cc(O)cc(O)c3c(=O)c12,0.766937315,0.085820913,0.985473573
P4H6__Molport-029-884-504,COCc1cc(=O)c(O)c(o1)C(CC(=O)N1CCOCC1)c1ccc2ncccc2c1,0.766891599,-0.514508247,0.96786505
P4H6__Molport-006-388-356,[O-][N+](=O)c1ccc(\C=N/NC(=O)c2ccc3OCOc3c2)o1,0.766482234,-0.066915989,0.959685743
P4H6__Molport-028-855-055,COCc1cc(=O)c(O)c(o1)C(CC(=O)OC)c1ccco1,0.765964866,-1.070675611,0.965647101
P4H6__Molport-028-853-104,O=C(Cc1ccc2OCCCOc2c1)Nc1n[nH]c(n1)C1CCCO1,0.76592803,-0.28161931,0.969349563
P4H6__Molport-000-459-270,Cn1c(SCC(=O)Nc2ccc3OCCOc3c2)nnc1-c1cccnc1,0.765814543,-0.701415062,0.978678644
P4H6__Molport-002-112-180,OC(=O)c1ccc(\C=N\NC(=O)C2COc3ccccc3O2)cc1,0.765442967,0.220856667,0.963388622
P4H6__Molport-047-581-993,COc1cc(O)c(C(=O)c2ccc(O)cc2)c(O)c1,0.765316486,0.783249617,0.974768817
P4H6__Molport-002-559-154,OC(=O)c1ccc(\C=N\NC(=O)c2ccc3OCCOc3c2)cc1,0.765252471,0.330675125,0.962189853
P4H6__Molport-047-067-323,Clc1cccc(OCC2(CC(=O)N3CCOCC3)CN(CCO2)C(=O)c2cscn2)c1,0.765097439,-0.921574593,0.939396322
P4H6__Molport-027-844-437,CC1Oc2ccccc2OC1C(=O)Nc1cc(ncn1)-n1nc(C)cc1C,0.764815807,-0.827608109,0.978660405
P4H6__Molport-002-598-313,O=C(NNC(=O)C12CC3CC(CC(C3)C1)C2)c1ccccn1,0.764737368,-0.107940197,0.966134369
P4H6__Molport-002-527-254,Cc1c(CC(=O)NCC(=O)NCC(O)=O)c(=O)oc2cc3occ(c3cc12)C(C)(C)C,0.764505565,0.158591747,0.944021344
P4H6__Molport-002-939-833,OC(=O)c1cccc(c1)-c1ccc(\C=C(/C#N)C(=O)N2CCOCC2)o1,0.764271021,-0.198350906,0.96434015
P4H6__Molport-000-500-759,OC(=O)CCN1C(=S)S\C(=C\c2ccc(O)c(O)c2)C1=O,0.764150262,-0.175588846,0.972679555
P4H6__Molport-051-452-045,O[C@H]1CC[C@@H](CC1)N1CCCC2(CCCN2C(=O)c2cscn2)C1=O,0.763761878,-0.428497314,0.923362732
P4H6__Molport-004-831-350,C\C(CC(=O)Nc1ccc2OCCOc2c1)=N/NC(=O)c1ccncc1,0.763508499,-0.425648689,0.969225705
P4H6__Molport-002-186-124,Oc1ccc(cc1C=NN1C(=O)C2C(C3C=CC2C2CC32)C1=O)[N+]([O-])=O,0.763482809,-1.499522209,0.964224279
P4H6__Molport-047-730-485,CCCCN1CC2(CCN(CC2)C(=O)c2ncc(F)cc2F)OCCC1=O,0.763356328,-0.180630207,0.960613608
P4H6__Molport-000-073-547,O=C(CCC(=O)N(CC1CCCO1)CC(=O)NCc1ccco1)Nc1nccs1,0.762409925,-0.445029259,0.948364317
P4H6__Molport-051-531-550,Cc1ccc(nn1)N1CC[C@H](O)[C@@]2(CCCN(C2)C(=O)c2cccc3OCCOc23)C1,0.76233995,-0.593168259,0.920041978
P4H6__Molport-004-896-686,Cc1nsc(NC(=O)C2COc3ccccc3O2)n1,0.76225096,0.428892851,0.984551549
P4H6__Molport-028-855-905,Cc1cc(=O)c(O)c(o1)C(CC(=O)N1CCOCC1)c1cccc(O)c1,0.762119293,-1.088572502,0.963583648
P4H6__Molport-027-866-722,CC(O)C(=O)N1CCC2(CN(Cc3cc(F)cc(F)c3)C(=O)C2)CC1,0.761977077,0.184084892,0.968557715
P4H6__Molport-046-832-270,Oc1ccc2C(=O)C(=O)C(Oc2c1)c1ccc(O)c(O)c1,0.761646867,-0.863814592,0.984666824
P4H6__Molport-002-678-737,OC(=O)CCCN1C(=S)S\C(=C\c2cc3cc4OCCOc4cc3[nH]c2=O)C1=O,0.760720313,-0.61313343,0.966087878
P4H6__Molport-000-557-977,Oc1ccc(C(=O)c2ccccc2)c(O)c1O,0.760597765,-0.357655764,0.949608505
P4H6__Molport-004-171-219,CN1C(=O)N(CC(=O)Nc2nccs2)C(=O)C11CCCCC1,0.76044637,-0.371202707,0.960749865
P4H6__Molport-005-944-005,COC(\C=C\c1c(O)cc2cc(C)oc(=O)c2c1O)C(O)=O,0.760267019,-0.569420815,0.966037035
P4H6__Molport-016-702-122,CC1(C)CC(NC(=O)CCCN2CCCC2=O)c2cnc(nc2C1)-c1cnccn1,0.759969711,-0.478305101,0.969476223
P4H6__Molport-005-292-590,O=C(CCn1cnc2n(ncc2c1=O)-c1ccccc1)Nc1ccc2OCCOc2c1,0.759493709,-0.388579369,0.958877265
P4H6__Molport-002-915-160,[O-][N+](=O)c1ccc(o1)-c1nnc(S)o1,0.759222388,0.431071997,0.968755841
P4H6__Molport-051-712-683,CC(=O)c1[nH]c(C)c(C(=O)N2C[C@@H]3[C@H](CNC(=O)C4CC4)[C@H]4CC[C@]3(C2)O4)c1C,0.758689523,-0.700434685,0.951538563
P4H6__Molport-028-855-382,COc1ccc(C(CC(=O)N2CCOCC2)c2oc(C)cc(=O)c2O)c(OC)c1,0.758661389,-1.140388727,0.977937043
P4H6__Molport-038-942-141,Oc1ccc(cc1)C1COc2cc(O)cc(O)c2C1=O,0.757692516,-0.244709492,0.966935396
P4H6__Molport-004-906-102,OC(=O)c1ccc(cc1O)\N=C\c1cc(ccc1O)[N+]([O-])=O,0.757424712,-0.266350746,0.970365882
P4H6__Molport-051-841-549,CC(C)c1ccc(C(=O)N2CCC3(CCC(CNC(C)=O)O3)CC2)c(O)n1,0.757386088,-0.691524982,0.950766265
P4H6__Molport-028-724-001,CCC(=O)N1CCc2[nH]cnc2C11CCN(CC1)C(=O)c1ccc[nH]1,0.757278025,-0.40882349,0.95258677
P4H6__Molport-001-005-635,O=C(NCc1cccnc1)c1ccc2OCCOc2c1,0.756727397,0.477061272,0.969240665
P4H6__Molport-030-068-723,Cc1ccc(nn1)N1CCC(CNS(=O)(=O)c2ccc3OCCOc3c2)CC1,0.756574154,-1.433467388,0.98057276
P4H6__Molport-001-795-858,CC1(C)Oc2ccc3ccc(=O)oc3c2\C(=N\O)C1=O,0.756207287,-0.562844992,0.98000598
P4H6__Molport-016-641-490,CCc1nccn1CCC(=O)N1CCC2(CC3(CO2)NC(=O)c2ccccc2N3)CC1,0.755822837,-0.231404305,0.950861394
P4H6__Molport-000-563-396,OC(=O)CCCN1C(=S)S\C(=C/c2ccc(O)c(O)c2)C1=O,0.755580068,-0.49661994,0.967123568
P4H6__Molport-002-910-367,O=C1OC2(CCCCC2)OC(=O)C1=Cc1ccoc1,0.755201697,-1.193729877,0.926456034
P4H6__Molport-001-487-424,Cc1occc1C(=O)N\N=C\c1ccc2OCOc2c1,0.754850924,-0.545675516,0.967742682
P4H6__Molport-002-329-882,OC(=O)c1ccccc1\C=N\NC(=O)C1COc2ccccc2O1,0.7542817,0.299645662,0.964838266
P4H6__Molport-038-393-987,Cn1c(Cn2cccn2)nnc1[C@H]1C[C@@H](C1)NC(=O)c1ccc2OCCOc2c1,0.753593445,-0.001440525,0.931286514
P4H6__Molport-003-163-582,COC(=O)c1ccc(COc2coc(CSc3nncn3C)cc2=O)o1,0.753541529,-0.336506605,0.92766124
P4H6__Molport-027-815-041,Cc1ccc(nn1)-c1noc(n1)-c1scc2OCCOc12,0.753221512,0.549224615,0.958380997
P4H6__Molport-001-831-555,Oc1ccc(C(=O)COc2ccccc2)c(O)c1O,0.752596796,-0.113124847,0.928444684
P4H6__Molport-039-337-902,C\C(=C1\C=CC(=O)C(=C1)C(O)=O)c1ccc(O)c(c1)C(O)=O,0.752518773,-0.44326663,0.973233521
P4H6__Molport-047-067-008,Cc1cc(OCC2(CC(=O)N3CCOCC3)CN(CCO2)C(=O)CCn2ccnc2)ccc1Cl,0.752044082,-0.575609207,0.924711525
P4H6__Molport-051-538-477,CN1CCCNC(=O)C[C@H]2CN(C[C@H]2CCc2cc3OCOc3cc2C1)C(=O)c1cccnc1,0.7518242,-0.921085358,0.975694835
P4H6__Molport-002-620-301,O=C1OC(=O)c2cc(ccc12)-c1nc2ccccc2c(=O)o1,0.751289248,0.095429182,0.989132404
P4H6__Molport-047-708-637,COCC(=O)N1CCC2(CCCN(C2)C(=O)c2cscn2)CC1,0.750793457,-0.032159567,0.968264103
P4H6__Molport-002-940-233,C\C(=N/NC(=O)c1ccncc1)c1ccc2OCCOc2c1,0.750319362,0.090210438,0.973976135
P4H6__Molport-019-806-470,Cc1ocnc1C(=O)N1CC[C@H]([C@H](O)C1)c1ccc2OCOc2c1,0.749464512,-0.453766584,0.929383934
P4H6__Molport-002-515-725,OC(=O)COc1ccc(C(=O)Cc2ccc3OCCOc3c2)c(O)c1,0.749434114,-0.425381422,0.929118454
P4H6__Molport-051-466-456,CC(C)n1nccc1-c1nc(nn1CC1COCCO1)-c1ccccn1,0.749328971,-0.255401611,0.980542004
P4H6__Molport-002-004-800,OC(=O)CSc1nnc(o1)-c1ccc2OCOc2c1,0.749076843,0.203505516,0.980236232
P4H6__Molport-000-432-397,Cc1ccc(o1)C1N(CCN2CCOCC2)C(=O)C(O)=C1C(=O)c1ccccc1,0.749022126,0.47943306,0.941239893
P4H6__Molport-051-938-203,Oc1cc(O)c(C(=O)C2Cc3cc4OCOc4cc23)c(O)c1,0.748790503,-1.147307873,0.937517166
P4H6__Molport-047-502-061,O=C(CCC1CCN(CC1)C(=O)C1NCC=C1)Nc1ccc2OCCOc2c1,0.748594046,-0.099146843,0.969536364
P4H6__Molport-002-666-474,CC1CCN2C(C1)C1(Cc3cc(ccc23)[N+]([O-])=O)C(=O)NC(=S)N(C2CC2)C1=O,0.748303354,-2.000052452,0.922467232
P4H6__Molport-003-819-922,O=C(N\N=C/C=C/c1ccco1)c1ccc2OCOc2c1,0.748257816,0.214086294,0.974469543
P4H6__Molport-027-883-426,Cn1cc(cn1)C(=O)N1CCC2(CC1)CCC(=O)N(CCc1cccnc1)C2,0.74784112,0.447143793,0.971461773
P4H6__Molport-003-803-580,CC1(C)CCc2cc(C(O)=O)c(O)c(O)c2O1,0.747480333,1.154886365,0.974360168
P4H6__Molport-000-801-111,Cc1cc(cc(\C=N/NC(=O)C2COc3ccccc3O2)c1O)[N+]([O-])=O,0.7469396,-0.673588991,0.98141247
P4H6__Molport-003-125-209,O=C(Nc1nnc(o1)-c1ccno1)c1ccc2OCOc2c1,0.746786952,-0.724680662,0.941495597
P4H6__Molport-003-139-040,Clc1ccccc1CNC(=O)Cn1ccn(-c2ccc3OCCOc3c2)c(=O)c1=O,0.746565223,-0.622425795,0.897151351
P4H6__Molport-039-142-001,O[C@@H]1[C@H](Oc2cc(O)ccc2C1=O)c1ccc(O)cc1,0.746434689,-0.672536373,0.973701477
P4H6__Molport-051-835-143,COc1cnc(cc1O)C(=O)NC[C@H]1CC[C@@H]2CCC[C@H]12,0.746311665,0.303422928,0.977606356
P4H6__Molport-000-640-494,Oc1cc(O)c(C(=O)Cc2ccc(F)cc2)c(O)c1,0.74627912,-0.275285482,0.943105519
P4H6__Molport-051-453-625,O[C@H]1CC[C@@H](CC1)N1CCCC2(CCCN2C(=O)c2ccc[nH]2)C1=O,0.746197701,-0.148011208,0.94743824
P4H6__Molport-051-743-489,O=C(NC[C@@H]1[C@H]2CC[C@]3(CN(Cc4cccc5OCOc45)C[C@H]13)O2)c1ccc[nH]1,0.746110916,-0.33599782,0.955392361
P4H6__Molport-051-504-793,CN1CCCCN(CCCCCc2cc3OCOc3cc2C1)C(=O)CO,0.746040702,-0.698702812,0.948885262
P4H6__Molport-019-907-574,CCOC(=O)CC(c1cc2OCOc2c(Cl)c1)c1oc(CO)cc(=O)c1O,0.745913088,-1.391900539,0.966698706
P4H6__Molport-007-837-633,Cc1nn(c(C)c1CCC(=O)Nc1ccc2OCCOc2c1)-c1ccc(nn1)N1CCOCC1,0.745715737,-0.910366774,0.965053558
P4H6__Molport-051-541-655,CC(=C1C=CC(=O)C(=C1)C(O)=O)c1ccc(O)c(c1)C(O)=O,0.745696604,-0.522629261,0.969323218
P4H6__Molport-000-073-503,O=C(CCC(=O)N(CC(=O)NCC1CCCO1)c1ccc2OCOc2c1)Nc1nccs1,0.745578885,-0.872086287,0.964436889
P4H6__Molport-007-834-568,O=C(C1COc2cc(ccc2O1)S(=O)(=O)NCc1cccnc1)N1CCCCC1,0.745427132,-0.818958044,0.964842677
P4H6__Molport-008-373-761,CC(C1COc2ccccc2O1)n1cnc2cccnc2c1=O,0.744980454,-0.232518673,0.96314168
P4H6__Molport-051-868-764,Cc1ccc(nn1)N1C[C@H]2CN([C@@H]([C@H]2C1)c1ccccc1)C(=O)CN1CCOCC1,0.743997216,-0.577714443,0.96909672
P4H6__Molport-047-805-123,CN(Cc1ccc2OCCOc2c1)c1nccn2c(C)nnc12,0.743928194,-0.445418835,0.975178719
P4H6__Molport-035-706-532,Cc1c(O)cc2C(=O)c3cc(O)ccc3C(=O)c2c1O,0.74372983,-0.181285858,0.97111249
P4H6__Molport-051-705-944,O=C(NC[C@H]1[C@H]2C[C@H](CN(C2)c2ccccn2)[C@@H]2CCCC(=O)N12)c1ccc[nH]1,0.743692756,0.039380789,0.942489028
P4H6__Molport-047-496-842,O=C([C@@H]1CCCN1)N1CCC2(CN(CCOc3ccccc3)C(=O)O2)CC1,0.743421555,-0.341136217,0.948046088
P4H6__Molport-047-283-934,O=C(N1C[C@@H]2CN(C[C@@H]2C1)C1CCOCC1)c1cscn1,0.743076146,0.759447575,0.968550205
P4H6__Molport-002-655-451,Cc1c(CC(=O)NCc2ccco2)c(=O)oc2c(O)c(O)ccc12,0.743050933,-1.006399393,0.929505587
P4H6__Molport-002-606-741,CC(C)(C)C(=O)[C@@H]1[C@H]2[C@@H]([C@H]3C=CC=NN13)C(=O)N(C2=O)c1ccc(F)cc1,0.742727399,-0.15566206,0.978715301
P4H6__Molport-051-589-053,CC(C)(C)OC(=O)NC1CC2(C1)CC(C2)NC(=O)c1cnc2OCC(=O)Nc2c1,0.742477059,-0.837633133,0.943969607
P4H6__Molport-028-856-188,COc1ccccc1C(CC(=O)N1CCOCC1)c1oc(C)cc(=O)c1O,0.742464364,-0.581295252,0.9784863
P4H6__Molport-000-476-977,OC(=O)CCSCC(=O)c1ccc2OCCOc2c1,0.742452383,0.198629856,0.974595487
P4H6__Molport-027-826-233,CCN(CCO)C(=O)c1cnc(nc1O)C12CC3CC(CC(C3)C1)C2,0.742439508,1.32522881,0.974126875
P4H6__Molport-030-064-919,OC(=O)Cn1nc(nc1-c1scc2OCCOc12)-c1ccncc1,0.742415369,-0.773849964,0.978612959
P4H6__Molport-047-390-439,O=C(CCCCc1cccnc1)N1C[C@@H]2COC[C@@]2(C1)C(=O)NC1CCCC1,0.74163723,-0.579341412,0.966456413
P4H6__Molport-051-627-088,COCCCCN1C(=O)N(CC(C)C)C2(CCN(CC2)c2ccc(C)nn2)C1=O,0.741566598,-0.306853056,0.960420549
P4H6__Molport-028-724-169,Cc1nc(cs1)C(=O)N1CCC2(CC1)N(CCc1[nH]cnc21)C(=O)C1CC1,0.741462052,-0.985402107,0.956853926
P4H6__Molport-000-850-259,OC(=O)CCN1C(=S)S\C(=C\c2cc3cc4OCCOc4cc3nc2O)C1=O,0.74109447,-0.734292984,0.957816184
P4H6__Molport-001-919-368,Oc1ccc(cc1\C=N\NC(=O)c1ccc2OCCOc2c1)[N+]([O-])=O,0.741084874,-0.648609638,0.972704291
P4H6__Molport-001-739-419,COC(=O)C1(Cc2ccc(O)cc2)OC(=O)C(O)=C1c1ccc(O)cc1,0.740387321,-0.823050976,0.957070172
P4H6__Molport-002-993-977,CC12CCCCC1C2C(=O)N\N=C\c1ccc(O)cc1O,0.740259826,-0.200194836,0.965171397
P4H6__Molport-002-511-345,OC(=O)COc1cc(O)c2c(c1)occ(-c1ccc3OCCOc3c1)c2=O,0.740193248,-0.840622902,0.938785493
P4H6__Molport-027-603-086,Cn1cc(nc1CCNC(=O)c1ccc(cc1)S(=O)(=O)N1CCOCC1)-c1ccco1,0.739569306,-0.120768785,0.944925725
P4H6__Molport-028-851-664,O=C(Nc1n[nH]c(n1)C1CC1)c1ccc2OCCCOc2c1,0.739413738,-0.088927507,0.973157227
P4H6__Molport-028-855-529,COCc1cc(=O)c(O)c(o1)C(CC(=O)OC)c1coc2ccccc2c1=O,0.739334702,-0.213597775,0.958281636
P4H6__Molport-002-321-835,Cc1ccc(OCC(=O)c2c(O)cc(O)cc2O)cc1,0.739314914,-0.450644016,0.970921755
P4H6__Molport-002-247-334,O=C(NC(=S)Nc1ccc2C(=O)OCc2c1)\C=C\c1ccco1,0.739291072,-0.820039272,0.982291162
P4H6__Molport-000-808-919,Oc1ccc(cc1\C=N/NC(=O)C1COc2ccccc2O1)[N+]([O-])=O,0.739274263,-0.93880868,0.96959722
P4H6__Molport-039-040-315,Cc1[nH]nc(CCC(=O)NCC2COc3ccccc3O2)c1C,0.738544524,-0.284284353,0.976661623
P4H6__Molport-001-834-556,COc1ccc(OCC(=O)c2c(O)cc(O)cc2O)cc1,0.738162518,-0.565280914,0.949855506
P4H6__Molport-002-986-099,[O-][N+](=O)c1ccccc1S(=O)(=O)N1CCC(CC1)C(=O)Nc1ccc2OCCOc2c1,0.737990737,-0.261431932,0.964438498
P4H6__Molport-000-224-334,OC(=O)c1ccc(OS(=O)(=O)c2ccc3OCCOc3c2)cc1,0.737536192,0.144755602,0.967134595
P4H6__Molport-007-837-676,Cc1nn(c(C)c1CCC(=O)NCCCc1ccco1)-c1ccc(nn1)N1CCOCC1,0.737483382,-0.897881746,0.976971924
P4H6__Molport-042-665-674,CCCCCCCC(=O)OC[C@H](O)[C@H]1OC(=O)C(O)=C1O,0.737475872,-0.483117342,0.915241539
P4H6__Molport-035-821-725,O=C(N1CCCC(C1)Oc1cccnn1)c1cccc2OCCOc12,0.737419426,0.54326582,0.943574429
P4H6__Molport-000-424-532,COc1ccc(CC(=O)c2c(O)cc(O)cc2O)cc1,0.737408757,-0.05172205,0.970639646
P4H6__Molport-007-722-553,O=C(NCC(N1CCN(CC1)c1ccccc1)c1cccnc1)C(=O)Nc1ccc2OCCOc2c1,0.737321258,-1.616411209,0.951592147
P4H6__Molport-000-822-040,OC(=O)CN1C(=S)S\C(=C/c2ccc3OCCOc3c2)C1=O,0.735728979,0.222577572,0.959506273
P4H6__Molport-046-790-411,Cc1c(O)c(cc2C(=O)c3cccc(O)c3C(=O)c12)C(O)=O,0.735586822,0.00087738,0.984468162
P4H6__Molport-000-436-465,COc1cc(\C=C2/SC(=S)N(C(CC(O)=O)C(O)=O)C2=O)ccc1O,0.73546648,-0.500316858,0.970568955
P4H6__Molport-051-869-505,CN(Cc1nncn1C)S(=O)(=O)c1ccc(c(C)c1)-c1ccc2OCCOc2c1,0.735201776,-0.013949633,0.91596508
P4H6__Molport-002-650-602,CC1(C)C2(C)CCC1(C(O)=O)C(=NNC(=O)c1ccco1)C2=O,0.735069394,-0.277524233,0.983355343
P4H6__Molport-002-757-223,[O-][N+](=O)c1ccc(OCc2ccc(o2)C(=O)NNC(=S)NCC2CCCO2)cc1,0.735002398,-1.046603203,0.921595812
P4H6__Molport-003-699-925,OC(=O)CCSc1nnc(o1)-c1ccc(o1)[N+]([O-])=O,0.734874547,0.234052658,0.952259958
P4H6__Molport-047-493-281,CNC(=O)[C@@H]1C[C@@H](CN1)n1cc(nn1)-c1ccc(CN2C[C@H](C)O[C@H](C)C2)cc1,0.734741092,-0.002575159,0.950039983
P4H6__Molport-023-281-545,COc1cnc(cc1O)C(=O)Nc1ccc2OCCOc2c1,0.734674573,-0.418359518,0.970512807
P4H6__Molport-051-473-283,O[C@H]1CC[C@@H](CC1)N1CCCC2(CCCN2C(=O)c2ccccn2)C1=O,0.734507918,0.071836472,0.855388343
P4H6__Molport-047-934-464,Cc1cc(C)n(n1)-c1cc(ncn1)N1CC2CN(CC2C1)C(=O)NC1CCOCC1,0.734468937,-0.495467663,0.936363816
P4H6__Molport-001-023-774,Oc1ccc(\C=N\c2cc(ccc2O)[N+]([O-])=O)c(O)c1,0.734449029,-1.009620905,0.959619701
P4H6__Molport-010-769-323,O=C(Cn1nc2ccc(Sc3ccccc3)nn2c1=O)Nc1ccc2OCCOc2c1,0.734225512,0.087041378,0.982723117
P4H6__Molport-001-848-639,OC(=O)c1ccc(NS(=O)(=O)c2ccc3OCCOc3c2)cc1,0.734104753,0.306466103,0.972920597
P4H6__Molport-000-801-599,OC(=O)CC1S\C(=N\c2ccc(O)cc2)N=C1O,0.73346889,-0.209604979,0.961037993
P4H6__Molport-028-855-459,Cc1cc(=O)c(O)c(o1)C(CC(=O)N1CCOCC1)c1ccccc1,0.733141541,-0.833040237,0.93199867
P4H6__Molport-047-036-622,CN1CCN(CC1)C(=O)C[C@H]1CN(CC[C@@H]1Oc1ccc(F)cc1)C(=O)CCc1cnn(C)c1C,0.732949972,-0.508084059,0.957221806
P4H6__Molport-003-704-826,OC1=CC(=O)C=C\C1=N\Nc1ccc2OCCOc2c1,0.732949018,-0.784090042,0.970077157
P4H6__Molport-023-267-367,CCCCN1CCN(C(C(=O)N2CCC3(CCO3)CC2)c2ccccc2)C(=O)C1=O,0.732739329,-0.894004107,0.974250853
P4H6__Molport-047-694-105,CCS(=O)(=O)N1CCCC2(CCCN2C(=O)c2cscn2)C1,0.732518435,-0.365649462,0.913931429
P4H6__Molport-045-933-006,Clc1cccc(CCC(=O)N2C[C@@H]3NC(=O)c4ncccc4OCCn4cc(CO[C@H]3C2)nn4)c1,0.732287586,-0.977497578,0.88866055
P4H6__Molport-051-714-331,O=C(NC[C@H]1[C@H]2C[C@H](CN(C2)C(=O)c2ccc[nH]2)c2cccc(=O)n12)C1CCCC1,0.732022643,-0.219521999,0.92690891
P4H6__Molport-020-233-359,CN1CC2(CCN(C2)C(=O)c2c(C)[nH]c(C(C)=O)c2C)OC1=O,0.73199749,-0.298167467,0.968278646
P4H6__Molport-023-261-001,Cc1cnc(CN2CC3(CCCN(C3)C(=O)c3ccc[nH]3)CCC2=O)cn1,0.731700182,0.148050308,0.935239792
P4H6__Molport-027-858-773,O=C(C1CCC1)N1CCc2[nH]cnc2C11CCN(CC1)C(=O)c1ccccn1,0.731485784,-0.125459433,0.885410547
P4H6__Molport-028-863-106,Cc1oc(nc1C(=O)N1CCOCC1)C1CCN(CC1)S(=O)(=O)c1cccc(c1)C#N,0.73111558,0.823794127,0.963838398
P4H6__Molport-001-829-447,Ic1ccc(\C=N\NC(=O)c2ccc3OCOc3c2)o1,0.730780244,-0.541512251,0.957063973
P4H6__Molport-002-338-400,[O-][N+](=O)c1ccc(\C=N\N2C(=O)C3C(C4C=CC3C3CC43)C2=O)s1,0.730713069,-1.337814331,0.95340097
P4H6__Molport-042-618-896,O=C(CN1CCN(CC1)c1ccc(nn1)C1CC1)Nc1ccc2OCCOc2c1,0.730547667,-0.485956192,0.959339917
P4H6__Molport-028-589-431,O=C(NCc1cc(no1)-c1ccccn1)c1coc(CN2CCOCC2)c1,0.730418921,-0.294281721,0.945445955
P4H6__Molport-009-749-071,Cc1nc(cs1)-c1nnc(NC(=O)Cc2ccc3OCOc3c2)o1,0.730316043,0.00331974,0.966668844
P4H6__Molport-030-058-067,COc1ccc2CC(CNC(=O)c3ncoc3C)COc2c1,0.730214238,-0.053327799,0.962598145
P4H6__Molport-027-881-843,Cc1ocnc1C(=O)N1CCC2(CC1)N(CCc1[nH]cnc21)C(=O)C1CC1,0.73018229,0.146249056,0.938268185
P4H6__Molport-023-272-931,COCCN1CC2(CCCN(C2)C(=O)c2cccc(C)c2O)CCC1=O,0.72987026,-0.494215012,0.966938674
P4H6__Molport-002-117-106,OC(=O)c1ccccc1C(=O)c1ccc(O)cc1O,0.72926861,0.110704184,0.967870831
P4H6__Molport-021-766-840,CC(=O)c1ccc(nc1)N1CC[C@@H]2[C@@H](CCC(=O)N2CCCn2ccnc2)C1,0.728939116,-0.367555857,0.921755016
P4H6__Molport-005-292-456,O=C(Cc1csc(NC(=O)c2ccc[nH]c2=O)n1)Nc1ccc2OCCOc2c1,0.728857756,-0.508266449,0.915435731
P4H6__Molport-023-208-790,O=C(Cn1cc(ccc1=O)-c1nc(no1)-c1cnccn1)Nc1ccc2OCCOc2c1,0.728360415,-0.91520071,0.965664387
P4H6__Molport-002-895-025,COc1cccc(\C=N\NC(=S)NC2CC3CCC2C3)c1O,0.728340149,-0.710567713,0.970429242
P4H6__Molport-000-424-533,COc1ccc(CC(=O)c2c(O)cc(O)cc2O)cc1OC,0.728302896,-0.381144047,0.976285756
P4H6__Molport-001-553-941,Cc1cc(OCC(=O)NNC(=O)C2C3CCC(C3)C2C(O)=O)ccc1Cl,0.727924585,0.369206429,0.941276193
P4H6__Molport-003-183-404,OC(=O)c1ccc2nc3cc(N4CCOCC4)c(cc3nc2c1)N1CCOCC1,0.727883697,-0.156596184,0.974219263
P4H6__Molport-047-259-967,CC(C)C(=O)NC1COC2(C1)CCN(CC2)C(=O)c1ccc[nH]1,0.72746408,0.174010754,0.970536649
P4H6__Molport-001-684-423,S=c1[nH]nc([nH]1)C1COc2ccccc2O1,0.727346182,0.631045341,0.95658505
P4H6__Molport-019-826-531,CCOC(=O)CC(c1ccc2OCCOc2c1)c1oc(CO)cc(=O)c1O,0.727179289,-0.785228968,0.960692942
P4H6__Molport-001-749-873,Cc1ccc(cc1)N1C(=O)N[C@@H]2CCN([C@@H]2C1=O)C(=O)CC(C)(C)CC(O)=O,0.726858258,0.086241245,0.974277616
P4H6__Molport-000-656-596,CCOC(=O)c1ccc(C\C(=N/O)c2ccc(O)cc2O)o1,0.726840258,-0.67058301,0.963332832
P4H6__Molport-000-501-411,OC(=O)CCN1C(=S)S\C(=C/c2ccc(O)cc2O)C1=O,0.726500034,0.393134117,0.953307331
P4H6__Molport-002-139-668,Oc1c(\C=N\NC(=O)C2COc3ccccc3O2)cc(Cl)cc1[N+]([O-])=O,0.726459861,-1.749046326,0.956008077
P4H6__Molport-044-754-013,CCC\C=C\C=C\C(\O)=C1\C(=O)C(CC(O)(C(C)C)C(O)=O)N(C)C1=O,0.726405621,-0.448203802,0.94953233
P4H6__Molport-051-751-604,COc1cc2C3N(CCc2cc1OCC(=O)NCCCOc1cccc3c1)C(=O)c1cnc(O)cn1,0.726262391,-0.651625633,0.968776703
P4H6__Molport-000-559-664,O=C(Nc1nccs1)C(Cc1ccccc1)N1C(=O)C2C3CC(C=C3)C2C1=O,0.726189971,-1.158712387,0.971726179
P4H6__Molport-038-393-610,CCc1ccc([nH]1)C(=O)NCC1(O)C2CC3CC(C2)CC1C3,0.725881577,-0.178025246,0.966340542
P4H6__Molport-006-780-402,Ic1ccc(\C=N/NC(=O)c2ccc3OCOc3c2)o1,0.725744486,-0.692470789,0.964557588
P4H6__Molport-000-808-186,C\C(=N\NC(=O)C1COc2ccccc2O1)c1ccco1,0.725497484,-0.233624697,0.969432652
P4H6__Molport-001-962-125,[O-][N+](=O)c1ccc(C=C2C(=O)OC3(CCCCC3)OC2=O)o1,0.725016832,-0.975293398,0.909823835
P4H6__Molport-016-698-684,CCC1Oc2ccc(cc2N(CC(=O)N(C)C)C1=O)C(=O)c1ccco1,0.724821925,-0.420772076,0.97823441
P4H6__Molport-028-855-375,Cc1cc(=O)c(O)c(o1)C(CC(=O)N1CCOCC1)c1ccc2OCOc2c1,0.724592566,-1.122130394,0.944795489
P4H6__Molport-008-286-274,Oc1cc(CNC(=O)Cc2ccc3OCCOc3c2)nc(n1)-c1cccnc1,0.724571228,-0.601315498,0.970712543
P4H6__Molport-027-871-996,O=C(N1CCC2(CC1)CCC(=O)N(Cc1cccnc1)C2)C1(CCOCC1)C#N,0.724508286,-0.552778244,0.965375841
P4H6__Molport-030-075-862,O=C(Nc1cnn(CC2COc3ccccc3O2)c1)c1ccno1,0.724384129,-0.634227037,0.961589754
P4H6__Molport-051-709-443,O=C(NC[C@H]1[C@H]2C[C@H](CN(Cc3ccco3)C2)[C@@H]2CCCC(=O)N12)c1ccc[nH]1,0.724223793,-0.605657578,0.963141322
P4H6__Molport-019-806-860,Oc1cc(cc2CN(CCOc12)C(=O)C1COCCN1)-c1cccc(Cl)c1,0.724127352,-0.795054436,0.967098296
P4H6__Molport-000-374-455,O=C(Nc1nccs1)C1COc2ccccc2O1,0.723811746,0.510602474,0.956413865
P4H6__Molport-000-655-948,OC(=O)COc1cc(O)c(C(=O)\C=C/c2ccccc2)c(O)c1,0.723742425,0.408624411,0.955111742
P4H6__Molport-028-604-524,O=C(Nc1nc(n[nH]1)C1CCCO1)C1(CCOCC1)c1ccccc1,0.723474979,-0.295255423,0.963939488
P4H6__Molport-000-391-906,O=C(Nc1nccs1)c1ccc2OCCOc2c1,0.723379254,0.503555775,0.96936357
P4H6__Molport-046-845-426,CCOC(=O)C1CCN(Cc2cccc(OCC)c2O)CC1,0.723326445,0.545049191,0.942449152
P4H6__Molport-002-511-234,COC(=O)c1ccc(CC(=O)c2c(O)cc(O)cc2O)o1,0.723156333,-0.358770132,0.958212674
P4H6__Molport-008-321-332,Cc1occc(=O)c1OCc1ccc(cc1)-c1noc(n1)C(=O)N1CCOCC1,0.723152339,0.15824461,0.96609211
P4H6__Molport-028-596-222,CN(C)CCn1ccnc1C1CCCN(C1)C(=O)c1cccnc1O,0.723147333,1.216349959,0.961646557
P4H6__Molport-002-605-165,Cc1ccc(cc1)N1C(=O)[C@H]2[C@@H]3C=CC=NN3[C@H]([C@H]2C1=O)C(=O)C(C)(C)C,0.723122716,-0.490751505,0.978056252
P4H6__Molport-002-174-606,[O-][N+](=O)c1ccc(N\N=C/c2ccc(o2)N2CCOCC2)nc1,0.723047972,0.010053158,0.947492719
P4H6__Molport-047-067-316,CCCn1ccc(n1)C(=O)N1CCOC(COc2cccc(Cl)c2)(CC(=O)N2CCOCC2)C1,0.722982645,-1.157361031,0.974111617
P4H6__Molport-051-461-119,CC[C@]1(O)CCC[C@H]2CN(C[C@@H]12)c1cnc(cn1)C(=O)OC,0.722956657,0.026945829,0.966539085
P4H6__Molport-030-048-432,Cc1ccc(o1)-c1nc(COCC2CCCCO2)n(CC(O)=O)n1,0.722720385,0.637252331,0.95153439
P4H6__Molport-051-717-313,Fc1ccccc1CC(=O)NC[C@@H]1[C@H]2CC[C@]3(CN(C[C@H]13)C(=O)c1ccc[nH]1)O2,0.722566128,-0.474947453,0.902581394
P4H6__Molport-002-560-979,COC(=O)C1[C@]2(OC(=CC2=O)c2ccccc2)C(C(=O)OC)[C@@]11OC(=CC1=O)c1ccccc1,0.722561955,-1.348891258,0.927696049
P4H6__Molport-038-416-973,O=C(NCc1csc(n1)-c1cnccn1)c1cccc2OCCOc12,0.722493768,0.351678371,0.968955517
P4H6__Molport-035-705-765,CC1(CC2CC(C)(O)C(=O)O2)OC1COc1ccc2ccc(=O)oc2c1,0.722125649,-0.552693129,0.947523713
P4H6__Molport-005-916-776,CC(=O)NC1=NN(C(C)=O)C2(S1)C(=O)N(CC1COc3ccccc3O1)c1ccccc21,0.722098291,-1.637730598,0.92591244
P4H6__Molport-002-509-014,CCOC(=O)c1ccc(C\C(=N\O)c2ccc(O)cc2O)o1,0.722005129,-0.681370258,0.967756391
P4H6__Molport-000-073-510,O=C(CCC(=O)N(CC(=O)NCC1CCCO1)Cc1ccc2OCOc2c1)Nc1nccs1,0.721972585,-1.024695873,0.967535615
P4H6__Molport-051-912-406,COc1cc2C(=O)c3cc(C)c(O)c(O)c3C(=O)c2c(O)c1OC,0.721798122,-0.125858784,0.944082737
P4H6__Molport-030-069-355,O=C(Nc1ccc2OCOc2c1)c1coc(NC(=O)c2ccncc2)n1,0.72154355,0.10607481,0.95821625
P4H6__Molport-044-723-216,Cc1cc(O)c2c(Cc3cc(O)cc(O)c3OC2=O)c1,0.721536338,-1.203496456,0.946696162
P4H6__Molport-047-388-523,CCOC(=O)[C@@]12CC[C@@H](C[C@H]1CCN(C2)C(=O)c1ccc[nH]1)N1CCOCC1,0.72144866,-0.237729073,0.966692686
P4H6__Molport-019-892-860,O=C(NCCC1COc2ccccc2O1)c1ccc(nc1)-c1cc[nH]n1,0.721238673,-0.63216424,0.960131705
P4H6__Molport-005-309-311,Cc1cc2NC(=O)c3cccnc3Oc2cc1S(=O)(=O)N1CCOCC1,0.721138597,-0.368087769,0.97590971
P4H6__Molport-030-075-932,Cc1cc(no1)C(=O)Nc1cnn(CC2COc3ccccc3O2)c1,0.721057117,-1.052251577,0.965870202
P4H6__Molport-008-121-532,CC1(C)CC(=O)c2cnc3nc([nH]c(=O)c3c2C1)N1CCCCC1,0.720601022,-0.008261681,0.979206383
P4H6__Molport-001-769-861,OC(=O)c1ncoc1-c1ccco1,0.720510602,0.80660367,0.96293515
P4H6__Molport-004-980-617,O=C(C1COc2ccccc2O1)N1CCc2c(C1)c(nn2Cc1ccccc1)C(=O)N1CCOCC1,0.720358968,0.600492954,0.965735912
P4H6__Molport-019-795-835,CCOC(=O)c1cs\c(=N/C(=O)c2ccc3OCCCOc3c2)[nH]1,0.720288634,0.177737713,0.965457857
P4H6__Molport-023-279-013,COc1cc(O)c(C(=O)c2cccc(O)c2O)c(OC)c1,0.72025466,-0.29991293,0.98338294
P4H6__Molport-051-919-177,CCS(=O)(=O)N1C[C@H]2CN([C@@H]([C@H]2C1)c1ccccc1C)C(=O)c1c[nH]c(C)n1,0.720103621,-1.085345507,0.9747926
P4H6__Molport-000-820-950,[O-][N+](=O)c1ccc(\C=N\NC(=O)c2ccc3OCCOc3c2)s1,0.719886005,-0.467993259,0.949641347
P4H6__Molport-002-537-600,C\C(=N/NC(=O)c1ccncc1)C1COc2ccccc2O1,0.719875634,0.502002239,0.976193726
P4H6__Molport-002-139-673,COc1cccc(\C=N\NC(=O)C2COc3ccccc3O2)c1O,0.719850719,0.145181656,0.967542231
P4H6__Molport-001-889-888,Cc1c2cc(O)c(O)cc2oc2cc(=O)c(O)cc12,0.719506025,-0.295525551,0.957351983
P4H6__Molport-003-163-571,Cn1cnnc1SCc1cc(=O)c(OCC(=O)Nc2ccc3OCOc3c2)co1,0.719008446,-1.16311264,0.883529127
P4H6__Molport-028-854-811,COCc1cc(=O)c(O)c(o1)C(CC(=O)OC)c1coc2ccc(OC)cc2c1=O,0.718880415,-0.37387991,0.961027205
P4H6__Molport-008-362-619,O=C(NC1CCOCC1)c1coc(CN2CCN(C\C=C\c3ccccc3)CC2)n1,0.718542516,-0.002467155,0.943213761
P4H6__Molport-005-931-842,O=C(CNC(=O)C1COc2ccccc2O1)Nc1nc2ccccc2s1,0.718540072,-0.642196894,0.97367996
P4H6__Molport-000-322-233,O=C(NC(=S)NCc1ccco1)c1ccc2OCOc2c1,0.718356431,0.001528502,0.966666937
P4H6__Molport-028-853-258,Cc1cc(=O)c(O)c(o1)C(CC(=O)N1CCOCC1)c1ccc(F)c(F)c1,0.718341947,-1.594144821,0.945815623
P4H6__Molport-000-501-357,OC(=O)CCCN1C(=S)S\C(=C\c2ccc(O)c(O)c2)C1=O,0.718263507,-0.086219311,0.969841599
P4H6__Molport-023-297-478,Cc1cccc(NC(=O)CN2C(=O)CC3(CCCC3)C2=O)n1,0.718128741,-0.15854907,0.944492102
P4H6__Molport-044-562-218,Oc1ccc2c(c1)oc(=O)c1cc(O)c(O)cc21,0.71788305,0.055170774,0.954687417
P4H6__Molport-002-573-272,Ic1ccc(\C=N/NC(=O)C2COc3ccccc3O2)o1,0.717826188,-0.453781366,0.953369617
P4H6__Molport-051-747-493,COCc1nc2CN(CCc2o1)C(=O)c1ccc2OCCOc2c1,0.717479289,0.117838144,0.977751374
P4H6__Molport-047-144-551,O=C(Nc1ccc2OCCOc2c1)c1ccc2nccn2n1,0.717395127,0.10259223,0.977612972
P4H6__Molport-051-730-731,COCCN(C)CC1COC2(C1)CCCN(C2)C(=O)c1nccn1C,0.716888249,0.286637306,0.957400262
P4H6__Molport-020-240-194,Cc1cc(nc(Nc2ccc3OCCOc3c2)n1)C(O)=O,0.716545343,0.204256535,0.963400066
P4H6__Molport-001-839-746,CCOC(=O)c1ccc(CC(=O)c2c(O)cc(O)cc2O)o1,0.716432989,0.187722206,0.965447903
P4H6__Molport-022-384-912,OC(=O)C1CC2CC(C1)CC(C2)C(O)=O,0.716176152,0.303652763,0.977915049
P4H6__Molport-002-891-300,[O-][N+](=O)c1ccc(o1)-c1nc2ccccc2c(=O)o1,0.715709031,0.178283215,0.972784162
P4H6__Molport-002-203-160,[O-][N+](=O)c1ccc(C=NN2C(=O)C3C(C4C=CC3C3CC43)C2=O)s1,0.715265512,-1.28621769,0.951287091
P4H6__Molport-002-653-495,Cc1ccc(\C=C2/Oc3cc(OCC(=O)NN)ccc3C2=O)o1,0.715152383,0.241584301,0.932247281
P4H6__Molport-039-049-068,O=C(NCCc1noc(n1)C1CCCO1)c1ccc(cc1)N1CCOCC1,0.714997411,-0.135045052,0.975428522
P4H6__Molport-000-142-029,OC(=O)CCC(=O)c1ccc2OCCCOc2c1,0.714850128,1.036673307,0.974052846
P4H6__Molport-023-209-293,O=C(Nc1nc2CCOCc2s1)\C=C\c1ccco1,0.714845061,0.561819315,0.975031555
P4H6__Molport-039-106-661,O=C(NCc1noc(n1)C1CCCO1)c1ccc(CN2CCCC2)o1,0.714844346,-0.017971516,0.978106856
P4H6__Molport-028-863-107,Cc1oc(nc1C(=O)N1CCOCC1)C1CCN(CC1)S(=O)(=O)c1ccc(cc1)C#N,0.714772761,0.636218786,0.943987608
P4H6__Molport-021-773-379,Nc1ncccc1CN1CCC[C@@]2(CN(CC3CCC3)CC[C@@H]12)C(O)=O,0.714728713,-0.277859211,0.902850986
P4H6__Molport-028-596-723,COCCCN1CC2(CC1=O)CCN(CC2)C(=O)CCCn1ccnc1,0.714656889,0.661743641,0.953722417
P4H6__Molport-047-960-220,Cc1ocnc1C(=O)N1C[C@@H](O)[C@@]2(C1)[C@H](CN1CCOCC1)[C@H]2c1ccccc1,0.714329004,-0.363216877,0.94643718
P4H6__Molport-000-638-712,OC(=O)CN1C(=S)S\C(=C\c2ccc3OCCOc3c2)C1=O,0.714154482,0.145218849,0.964575171
P4H6__Molport-002-864-055,COC(=O)C1(Cc2ccccc2)NC(C2C1C(=O)OC2=O)c1ccc(Cl)cc1,0.714078009,-0.750560284,0.906062007
P4H6__Molport-002-514-183,CCC(C)c1cc(cc(C(O)=O)c1O)C(O)=O,0.713959396,1.066231251,0.948383808
P4H6__Molport-027-820-436,CCN(CC(O)c1cccc(O)c1)C(=O)c1cnc(nc1O)C1CC1,0.713930964,-0.194531679,0.95558089
P4H6__Molport-028-856-087,COC(=O)c1ccc(cc1)C(CC(=O)N1CCOCC1)c1oc(C)cc(=O)c1O,0.713922501,-0.77613306,0.977621377
P4H6__Molport-047-795-802,Cc1c([nH]c2CCCC(=O)c12)C(=O)N1C[C@H](O)[C@@]2(C1)[C@H](CO)[C@H]2c1ccccc1,0.713737667,-1.002693892,0.974042952
P4H6__Molport-047-516-736,Cc1cc(C[C@@H]2CN(Cc3ccccc3OCCn3ccnc3)C[C@@H]2O)on1,0.713500381,-0.717550039,0.949838758
P4H6__Molport-019-950-260,CCOC(=O)CC(C1=Cc2ccccc2OC1)c1oc(CO)cc(=O)c1O,0.713343143,-0.546519995,0.958494127
P4H6__Molport-005-931-385,OC(=O)c1cccc(c1)-c1ccc(CNCCN2CCOCC2)o1,0.713190198,0.2584095,0.97223717
P4H6__Molport-002-133-580,CC1(C)C(CCC1(C)C(O)=O)C(=O)NNC(=O)C1CC1c1ccccc1,0.712890029,0.936813831,0.969249666
P4H6__Molport-029-885-564,COc1ccc(C(CC(=O)N2CCOCC2)c2oc(C)cc(=O)c2O)c(C(O)=O)c1OC,0.712817669,-0.480033398,0.969668329
P4H6__Molport-028-734-906,CCc1ocnc1C(=O)N1CCC2(CC1)N(CCc1[nH]cnc21)C(=O)C1CC1,0.712630272,-0.681992769,0.890409708
P4H6__Molport-000-422-597,Cc1cc(O)c(C(C[N+]([O-])=O)c2ccc3OCOc3c2)c(=O)o1,0.712619126,-0.671342134,0.9242962
P4H6__Molport-002-575-772,COc1cccc(\C=N/NC(=O)C2COc3ccccc3O2)c1O,0.712579489,0.05943203,0.957799256
P4H6__Molport-020-210-190,CN1CC2(CCCN(CC2)C(=O)c2c(C)[nH]c(C(C)=O)c2C)OC1=O,0.712370276,0.197106838,0.955779195
P4H6__Molport-002-971-069,OC(=O)c1ccc(cc1)N1C(=S)NC(=O)\C(=C\c2ccc(o2)N2CCOCC2)C1=O,0.712188721,0.022172689,0.960203648
P4H6__Molport-000-829-140,Oc1cc(O)c(C(=O)Cc2ccc3OCCOc3c2)c(O)c1,0.712132931,-0.852091074,0.973654449
P4H6__Molport-001-917-465,OC(=O)C12CCCC(CCC1)(C2)C(O)=O,0.711933672,0.980648518,0.977498889
P4H6__Molport-051-529-367,O[C@H]1CCN(C[C@@]1(CCCc1ccccc1)C(O)=O)C(=O)c1cccnc1O,0.711791992,0.403290272,0.959813178
P4H6__Molport-019-784-041,Cc1ccc(NNC(=O)C2C3CC(C=C3)C2C(O)=O)cc1,0.711689353,1.334478498,0.969984353
P4H6__Molport-002-507-865,COc1ccc2sc(nc2c1)N1C[C@]23O[C@H](C=C2)C(C3C1=O)C(O)=O,0.711578965,0.100693464,0.986255646
P4H6__Molport-002-520-491,CC(=O)OC[C@H]1OC(Oc2cccc3cccnc23)[C@H](OC(C)=O)[C@@H](OC(C)=O)[C@@H]1OC(C)=O,0.711536884,-0.781122923,0.889337063
P4H6__Molport-021-756-125,COCCCN1[C@@H]2CCN(C[C@@H]2CCC1=O)C(=O)c1ccc[nH]1,0.711216152,0.408771992,0.953523576
P4H6__Molport-028-855-796,COC(=O)CC(c1ccc2OCCOc2c1)c1oc(C)cc(=O)c1O,0.711212099,-0.314749002,0.961864412
P4H6__Molport-035-873-724,Clc1ccc(nn1)N1CCC(CC1)C(=O)N1C[C@H]2C[C@@H](C1)c1cccc(=O)n1C2,0.711199582,-0.284579754,0.94700098
P4H6__Molport-023-212-329,O=C(NCc1cc(on1)-c1ccc2OCCOc2c1)c1ccccn1,0.711019397,0.145215034,0.928454936
P4H6__Molport-002-599-240,CC(C)(C)C(=O)[C@H]1[C@@H]2[C@H]([C@@H]3C=CC=NN13)C(=O)N(C2=O)c1ccccc1F,0.7110129,-0.228675365,0.973083317
P4H6__Molport-039-027-166,O=C(NCC1CCCO1)c1ncn2CC(OCc12)c1ccccc1,0.710606098,1.430889606,0.971774817
P4H6__Molport-047-067-328,Cc1cnc(cn1)C(=O)N1CCOC(COc2cccc(Cl)c2)(CC(=O)N2CCOCC2)C1,0.71055609,-1.03724885,0.960416913
P4H6__Molport-002-990-956,[O-][N+](=O)c1ccc(C=NN2C(=O)C3C(C4C=CC3C3CC43)C2=O)o1,0.710420787,-1.027850628,0.95851773
P4H6__Molport-003-136-495,Cn1cnnc1SCc1cc(=O)c(OC(=O)c2ccc3OCOc3c2)co1,0.710373938,-0.538808346,0.949824035
P4H6__Molport-002-809-855,Oc1ccc(\C=N\N2C(=O)C3C(C4CCC3C=C4)C2=O)c(O)c1,0.709905207,-0.473697662,0.96905005
P4H6__Molport-007-874-485,COc1ccc2OCC(=Cc2c1)C(=O)N1CCN(CC1)C(=O)c1ccco1,0.709627628,-0.77101016,0.874538064
P4H6__Molport-000-932-541,OC(=O)CSc1nnc(o1)-c1ccco1,0.709584415,1.082482457,0.980387688
P4H6__Molport-002-139-733,[O-][N+](=O)c1ccc(\C=N\NC(=O)C2COc3ccccc3O2)s1,0.709518433,-0.685312271,0.97183156
P4H6__Molport-047-948-085,O=c1n(CC2CCC2)ccn(-c2ccc3OCCOc3c2)c1=O,0.70939672,-0.141711473,0.965324044
P4H6__Molport-019-909-569,CCOC(=O)CC(c1cc(Cl)cc2COCOc12)c1oc(CO)cc(=O)c1O,0.709010959,-0.785294056,0.962390304
P4H6__Molport-002-604-242,CC(C)(C)C(=O)[C@H]1[C@@H]2[C@H]([C@@H]3C=CC=NN13)C(=O)N(C2=O)c1ccccc1,0.708946764,0.453800201,0.976956964
P4H6__Molport-027-718-762,COc1ccc2occ(C3CC(=O)Oc4cc(C)[nH]c(=O)c34)c(=O)c2c1,0.708844543,-0.471104145,0.767647803
P4H6__Molport-001-595-252,Oc1ccc(C(=O)N2N=C(CC2(O)C(F)F)C(F)F)c(O)c1,0.708600402,-0.735352993,0.923566163
P4H6__Molport-027-871-804,Cc1cnc(cn1)C(=O)N1CCC2(CC1)CCC(=O)N(CCc1cccnc1)C2,0.708186984,0.079729795,0.956731081
P4H6__Molport-008-379-276,Fc1ccccc1OCc1nc(co1)C(=O)N1CCOCC1,0.708173156,1.706646681,0.972440302
P4H6__Molport-047-010-725,CN(C)C(=O)c1cnn2c(ccnc12)C1CCCCN1C(=O)CN1C(=O)N(C)C2(CCCCC2)C1=O,0.708091497,-0.776611805,0.969013095
P4H6__Molport-028-606-048,O=C(Nc1nc(n[nH]1)C1CCCO1)c1ccc2OCCCOc2c1,0.707918108,-0.207349062,0.9512164
P4H6__Molport-028-856-364,COC(=O)CC(c1ccc2OCOc2c1)c1oc(C)cc(=O)c1O,0.707644641,-0.884688377,0.941022873
P4H6__Molport-047-676-774,Cc1ccc(nn1)N1CC[C@@H]2[C@@H](CO[C@H]2CC(=O)NCCC2CCOCC2)C1,0.707596719,-0.173174858,0.92928046
P4H6__Molport-002-667-080,COc1ccc2N(CC3COc4ccccc4O3)C(=O)C(=O)c2c1,0.707453787,0.678813934,0.944429696
P4H6__Molport-042-668-093,O=C(NCc1ccnc(c1)N1CCCC1=O)c1cccc2OCCOc12,0.707343161,-0.111880064,0.965636492
P4H6__Molport-046-178-522,CN(C)CCc1nnc(NC(=O)C2CCN(CC2)C(=O)c2ccccn2)s1,0.70732379,0.233005524,0.972192228
P4H6__Molport-029-901-654,COCc1ccc(o1)-c1nc(no1)C1CCOC1,0.70726037,1.082329512,0.978108585
P4H6__Molport-002-674-620,O=C(Nc1nccs1)C1[C@@H]2OC3(CN(Cc4ccc5OCOc5c4)C(=O)C13)C=C2,0.707083523,-1.018532276,0.943310618
P4H6__Molport-007-910-612,CN1CCN(CCCNC(=O)c2ccc3c(c2)[nH]c(=S)n(CC2CCCO2)c3=O)CC1,0.706805944,-0.120538235,0.952865124
P4H6__Molport-003-104-854,OC(=O)C(=O)Nc1nc(cs1)-c1ccc2OCCOc2c1,0.706795871,-0.009316683,0.909377456
P4H6__Molport-000-845-030,CC1C2N(C(CC1=O)c1ccco1)C(=O)C1C(C3O[C@]21C=C3)C(=O)Nc1nccs1,0.706756771,-1.416241646,0.898865402
P4H6__Molport-035-784-583,OC(=O)C1CCC(C2CCCCC12)C(O)=O,0.70652473,0.653595448,0.978987336
P4H6__Molport-039-054-032,Cc1ccc(\C=C\C(=O)c2c(O)cc(C)oc2=O)o1,0.706234097,-0.47565341,0.92920804
P4H6__Molport-051-917-173,O=C1NCCc2c(NCCC3CCOC3)nc(Cc3ccc4OCOc4c3)nc12,0.706194282,-0.954759121,0.963929117
P4H6__Molport-001-597-733,CC(NC(=O)Nc1ccc2OCOc2c1)C1CCCO1,0.70593369,-0.012118578,0.917718172
P4H6__Molport-027-855-476,Cc1noc(C)c1CN1CC2(CC1=O)CCN(CC2)C(=O)c1ncoc1C,0.705931783,-0.32602334,0.956571639
P4H6__Molport-021-804-487,CCCCC\C=C/CC(C(O)CC(O)=O)C(O)=O,0.70584929,0.338007212,0.934055388
P4H6__Molport-010-967-918,Cc1ccc(cc1S(=O)(=O)NCc1ccco1)-c1noc(n1)C(=O)N1CCOCC1,0.705755472,0.783277988,0.951020837
P4H6__Molport-002-621-888,CCN1C(=S)S\C(=C/c2nc(C#N)c(o2)N2CCOCC2)C1=O,0.705702245,-0.955930471,0.976515114
P4H6__Molport-005-309-419,COc1cc(C2c3c(OC(N)=C2C#N)[nH]nc3-c2cccnc2)c(OC)c2OCOc12,0.705327749,-1.394137859,0.929195464
P4H6__Molport-035-704-098,COC(=O)CC(c1ccc(O)c(Cl)c1)c1oc(CN2CCOCC2)cc(=O)c1O,0.705269158,-1.561558723,0.975140154
P4H6__Molport-002-618-535,O=C1N(Cc2ccco2)C(=S)S\C1=C\c1nc(C#N)c(o1)N1CCOCC1,0.705265701,-0.914869547,0.962857664
P4H6__Molport-020-223-654,CC(C)c1noc(n1)-c1cn(CC2COc3ccccc3O2)nn1,0.70515573,0.280909061,0.963054776
P4H6__Molport-046-508-982,COc1c(O)ccc(C2COc3cc(O)cc(O)c3C2=O)c1OC,0.704984665,-0.431332111,0.966855109
P4H6__Molport-035-706-506,Oc1ccc2C(=O)C(Cc3ccc(O)c(O)c3)COc2c1,0.704857409,-0.810710907,0.923726261
P4H6__Molport-002-573-239,CCOc1cccc(\C=N/NC(=O)C2COc3ccccc3O2)c1O,0.704662919,-0.298041105,0.940176189
P4H6__Molport-003-812-040,Oc1cc(O)c(C(=O)COc2ccc(cc2)[N+]([O-])=O)c(O)c1,0.704513371,-0.340993166,0.932476163
P4H6__Molport-000-640-493,Oc1cc(O)c(C(=O)Cc2ccccn2)c(O)c1,0.704350948,0.367797852,0.969170749
P4H6__Molport-001-553-689,CC(C)c1ccc(cc1)C(=O)NNC(=O)C1C2CCC(C2)C1C(O)=O,0.704035223,0.304355383,0.961143553
