Ligand_Name,Vina_Affinity(kcal/mol),Intramol,CNN_Pose_Score,CNN_Affinity
P4H6__Molport-000-374-455_model_0_ligand,-4.96,-0.26,0.5834,3.633
P4H6__Molport-000-391-906_model_0_ligand,-4.84,-0.27,0.6660,4.506
P4H6__Molport-000-224-334_model_0_ligand,-5.76,0.35,0.4391,3.593
P4H6__Molport-000-155-232_model_0_ligand,-4.37,-0.33,0.6912,3.884
P4H6__Molport-000-142-033_model_0_ligand,-4.61,-0.31,0.4994,3.750
P4H6__Molport-000-142-029_model_0_ligand,-4.91,-0.31,0.5979,3.953
P4H6__Molport-000-265-201_model_0_ligand,-5.37,-0.16,0.5207,4.657
P4H6__Molport-000-162-524_model_0_ligand,-5.25,-0.93,0.4413,4.216
P4H6__Molport-000-190-206_model_0_ligand,-5.58,-0.28,0.5128,5.765
P4H6__Molport-000-322-233_model_0_ligand,-4.85,-0.52,0.4631,3.839
P4H6__Molport-000-073-281_model_0_ligand,-5.42,-1.67,0.3632,4.836
P4H6__Molport-000-091-593_model_0_ligand,-4.82,-0.85,0.3063,4.320
P4H6__Molport-000-424-532_model_0_ligand,-5.04,-0.44,0.4439,3.283
P4H6__Molport-000-073-547_model_0_ligand,-5.44,-0.19,0.2441,4.783
P4H6__Molport-000-422-597_model_0_ligand,-5.36,0.83,0.4371,4.372
P4H6__Molport-000-093-145_model_0_ligand,-5.82,-0.41,0.3588,4.974
P4H6__Molport-000-093-147_model_0_ligand,-5.77,-1.10,0.2412,4.915
P4H6__Molport-000-073-510_model_0_ligand,-5.71,-1.38,0.2530,5.145
P4H6__Molport-000-450-916_model_0_ligand,-5.35,-1.49,0.3303,3.602
P4H6__Molport-000-073-512_model_0_ligand,-5.75,1.21,0.2316,4.532
P4H6__Molport-000-073-503_model_0_ligand,-5.45,-1.62,0.2578,5.120
P4H6__Molport-000-424-533_model_0_ligand,-5.69,-0.80,0.6184,3.731
P4H6__Molport-000-073-504_model_0_ligand,-5.74,-1.79,0.4295,5.399
P4H6__Molport-000-476-977_model_0_ligand,-4.41,-0.26,0.6256,3.875
P4H6__Molport-000-436-465_model_0_ligand,-4.90,0.80,0.3310,4.772
P4H6__Molport-000-459-270_model_0_ligand,-5.58,-0.26,0.4284,4.788
P4H6__Molport-000-073-571_model_0_ligand,-5.96,-0.99,0.2568,4.538
P4H6__Molport-000-501-357_model_0_ligand,-4.82,0.60,0.2620,4.140
P4H6__Molport-000-500-759_model_0_ligand,-5.05,0.40,0.4755,4.138
P4H6__Molport-000-436-571_model_0_ligand,-5.26,0.31,0.3638,4.613
P4H6__Molport-000-432-397_model_0_ligand,-5.50,-0.60,0.2340,3.943
P4H6__Molport-000-557-977_model_0_ligand,-5.38,-0.31,0.5704,3.917
P4H6__Molport-000-462-706_model_0_ligand,-5.56,-0.51,0.4037,4.938
P4H6__Molport-000-501-411_model_0_ligand,-5.11,-0.21,0.3377,3.421
P4H6__Molport-000-563-396_model_0_ligand,-4.93,-0.42,0.2233,3.645
P4H6__Molport-000-559-664_model_0_ligand,-6.30,-0.64,0.3219,5.158
P4H6__Molport-000-640-494_model_0_ligand,-5.29,-0.32,0.6334,3.774
P4H6__Molport-000-678-761_model_0_ligand,-4.69,-0.88,0.5123,3.832
P4H6__Molport-000-640-493_model_0_ligand,-5.09,-0.72,0.4523,3.272
P4H6__Molport-000-638-712_model_0_ligand,-4.79,0.05,0.3418,4.185
P4H6__Molport-000-712-132_model_0_ligand,-5.22,-0.54,0.5091,4.077
P4H6__Molport-000-808-186_model_0_ligand,-4.90,-0.41,0.5814,4.098
P4H6__Molport-000-665-755_model_0_ligand,-5.83,0.02,0.7257,4.783
P4H6__Molport-000-773-722_model_0_ligand,-5.13,-0.61,0.7255,3.414
P4H6__Molport-000-801-599_model_0_ligand,-4.93,0.37,0.4152,3.851
P4H6__Molport-000-656-596_model_0_ligand,-5.43,-0.03,0.7123,4.409
P4H6__Molport-000-656-593_model_0_ligand,-5.39,-0.83,0.6955,4.330
P4H6__Molport-000-820-950_model_0_ligand,-5.30,-0.30,0.5754,4.294
P4H6__Molport-000-655-948_model_0_ligand,-5.49,0.14,0.7551,3.961
P4H6__Molport-000-822-040_model_0_ligand,-4.53,-0.53,0.3581,3.996
P4H6__Molport-000-649-272_model_0_ligand,-5.30,0.28,0.3292,4.525
P4H6__Molport-000-801-111_model_0_ligand,-6.31,-0.64,0.3072,4.010
P4H6__Molport-000-824-945_model_0_ligand,-4.95,-0.82,0.4882,5.483
P4H6__Molport-000-808-919_model_0_ligand,-6.46,-0.63,0.3940,4.166
P4H6__Molport-000-829-140_model_0_ligand,-5.98,-0.60,0.5564,3.527
P4H6__Molport-000-855-184_model_0_ligand,-4.82,0.44,0.3380,4.559
P4H6__Molport-000-932-541_model_0_ligand,-3.85,-0.19,0.4265,3.118
P4H6__Molport-001-023-774_model_0_ligand,-5.26,-0.55,0.4288,3.712
P4H6__Molport-000-850-259_model_0_ligand,-5.90,-0.49,0.2378,4.792
P4H6__Molport-001-487-424_model_0_ligand,-5.32,-0.64,0.4196,3.926
P4H6__Molport-001-506-103_model_0_ligand,-5.50,-0.30,0.7674,4.340
P4H6__Molport-000-916-470_model_0_ligand,-5.00,-0.51,0.3281,4.014
P4H6__Molport-000-845-030_model_0_ligand,-5.64,-0.97,0.3978,5.298
P4H6__Molport-001-553-689_model_0_ligand,-5.42,0.30,0.4750,4.877
P4H6__Molport-001-005-635_model_0_ligand,-5.28,-0.31,0.5790,3.980
P4H6__Molport-001-553-680_model_0_ligand,-6.26,-0.19,0.2621,5.049
P4H6__Molport-001-597-733_model_0_ligand,-5.39,-0.43,0.4120,3.468
P4H6__Molport-001-684-423_model_0_ligand,-4.53,-0.20,0.5951,3.744
P4H6__Molport-001-556-014_model_0_ligand,-5.45,-0.72,0.4475,4.920
P4H6__Molport-001-556-013_model_0_ligand,-5.48,-1.31,0.4635,5.415
P4H6__Molport-001-553-941_model_0_ligand,-5.42,-0.03,0.2054,4.497
P4H6__Molport-001-769-861_model_0_ligand,-3.73,-0.09,0.7876,3.411
P4H6__Molport-000-853-302_model_0_ligand,-6.74,-0.49,0.2582,4.180
P4H6__Molport-001-739-588_model_0_ligand,-5.23,0.00,0.6863,4.031
P4H6__Molport-001-553-835_model_0_ligand,-6.23,-0.99,0.4029,5.386
P4H6__Molport-001-556-016_model_0_ligand,-5.32,-0.82,0.4397,5.031
P4H6__Molport-001-595-252_model_0_ligand,-6.17,0.55,0.4698,4.494
P4H6__Molport-001-646-451_model_0_ligand,-5.15,-0.44,0.5403,4.220
P4H6__Molport-001-573-726_model_0_ligand,-5.64,-0.38,0.3101,4.400
P4H6__Molport-001-829-447_model_0_ligand,-5.15,-0.30,0.3491,3.956
P4H6__Molport-001-795-858_model_0_ligand,-5.21,-0.35,0.3313,3.811
P4H6__Molport-001-749-873_model_0_ligand,-5.73,1.39,0.2354,4.400
P4H6__Molport-001-831-555_model_0_ligand,-4.80,-0.52,0.4756,3.909
P4H6__Molport-001-917-465_model_0_ligand,-4.10,-0.13,0.3791,3.737
P4H6__Molport-001-889-888_model_0_ligand,-5.21,0.00,0.4819,4.695
P4H6__Molport-001-739-419_model_0_ligand,-5.65,-0.42,0.2956,4.376
P4H6__Molport-001-808-621_model_0_ligand,-5.39,-0.65,0.5933,4.931
P4H6__Molport-002-004-800_model_0_ligand,-4.57,-0.30,0.5153,3.897
P4H6__Molport-001-839-746_model_0_ligand,-5.52,-1.10,0.4120,3.161
P4H6__Molport-001-962-125_model_0_ligand,-5.29,-0.43,0.5257,4.280
P4H6__Molport-001-834-556_model_0_ligand,-5.20,-0.96,0.4109,2.952
P4H6__Molport-001-914-433_model_0_ligand,-5.59,-0.39,0.4129,5.170
P4H6__Molport-002-024-083_model_0_ligand,-5.48,1.04,0.4656,5.014
P4H6__Molport-001-919-368_model_0_ligand,-5.78,-0.59,0.5820,4.094
P4H6__Molport-002-117-106_model_0_ligand,-5.61,-0.07,0.5049,3.633
P4H6__Molport-001-848-639_model_0_ligand,-5.66,0.24,0.5165,4.014
P4H6__Molport-002-091-120_model_0_ligand,-5.66,-0.50,0.3338,4.874
P4H6__Molport-002-144-730_model_0_ligand,-4.66,-0.28,0.5411,3.471
P4H6__Molport-002-139-665_model_0_ligand,-5.61,-0.45,0.4847,4.267
P4H6__Molport-002-112-180_model_0_ligand,-5.60,-0.33,0.5752,4.298
P4H6__Molport-001-993-081_model_0_ligand,-6.16,-0.52,0.4066,5.098
P4H6__Molport-002-133-580_model_0_ligand,-5.30,-0.15,0.5174,5.309
P4H6__Molport-002-139-673_model_0_ligand,-5.63,-0.40,0.3402,3.778
P4H6__Molport-002-139-668_model_0_ligand,-5.51,-0.72,0.3154,5.139
P4H6__Molport-002-139-733_model_0_ligand,-4.85,-0.21,0.5376,4.320
P4H6__Molport-002-203-160_model_0_ligand,-5.17,-0.34,0.4415,5.477
P4H6__Molport-002-162-649_model_0_ligand,-5.62,-0.45,0.4572,5.289
P4H6__Molport-002-174-606_model_0_ligand,-4.82,-0.69,0.4229,4.334
P4H6__Molport-002-321-835_model_0_ligand,-5.34,-0.80,0.3778,3.007
P4H6__Molport-002-186-124_model_0_ligand,-5.78,-0.30,0.5184,5.580
P4H6__Molport-002-338-400_model_0_ligand,-4.95,-0.31,0.4869,5.324
P4H6__Molport-002-329-882_model_0_ligand,-6.18,-0.10,0.4745,4.358
P4H6__Molport-002-507-865_model_0_ligand,-5.71,0.64,0.7177,4.890
P4H6__Molport-002-357-027_model_0_ligand,-5.03,0.60,0.4120,4.006
P4H6__Molport-002-514-183_model_0_ligand,-4.91,-0.32,0.3224,3.640
P4H6__Molport-002-467-061_model_0_ligand,-5.77,-0.23,0.4779,4.100
P4H6__Molport-002-247-334_model_0_ligand,-5.18,-0.66,0.3266,4.435
P4H6__Molport-002-515-725_model_0_ligand,-5.44,-0.84,0.5079,3.952
P4H6__Molport-002-511-234_model_0_ligand,-5.33,-0.79,0.4510,3.321
P4H6__Molport-002-509-014_model_0_ligand,-5.07,-0.93,0.5081,3.256
P4H6__Molport-002-511-345_model_0_ligand,-6.48,0.12,0.5807,4.708
P4H6__Molport-002-516-971_model_0_ligand,-4.94,-0.43,0.2754,4.496
P4H6__Molport-002-248-771_model_0_ligand,-5.56,3.19,0.2148,3.865
P4H6__Molport-002-520-045_model_0_ligand,-6.43,-0.28,0.4189,4.979
P4H6__Molport-002-519-585_model_0_ligand,-6.35,-0.36,0.4618,5.527
P4H6__Molport-002-520-344_model_0_ligand,-6.05,-0.25,0.6029,5.150
P4H6__Molport-002-520-471_model_0_ligand,-6.51,-0.63,0.4678,5.774
P4H6__Molport-002-520-519_model_0_ligand,-5.72,1.41,0.4718,5.073
P4H6__Molport-002-520-625_model_0_ligand,-6.37,-0.74,0.5909,5.451
P4H6__Molport-002-534-554_model_0_ligand,-5.22,-0.65,0.4666,3.681
P4H6__Molport-002-522-284_model_0_ligand,-6.65,-0.63,0.4768,6.010
P4H6__Molport-002-522-779_model_0_ligand,-6.30,-0.05,0.3505,4.702
P4H6__Molport-002-522-488_model_0_ligand,-6.21,-0.57,0.5301,5.380
P4H6__Molport-002-520-769_model_0_ligand,-6.34,-0.72,0.4458,5.072
P4H6__Molport-002-527-181_model_0_ligand,-6.49,-0.65,0.5671,6.012
P4H6__Molport-002-537-600_model_0_ligand,-5.19,-0.40,0.4750,3.861
P4H6__Molport-002-532-994_model_0_ligand,-6.33,-0.43,0.3677,4.517
P4H6__Molport-002-527-254_model_0_ligand,-6.05,-0.31,0.3747,5.111
P4H6__Molport-002-520-491_model_0_ligand,-5.65,-0.88,0.4060,5.264
P4H6__Molport-002-524-058_model_0_ligand,-5.92,-1.15,0.3710,5.202
P4H6__Molport-002-534-832_model_0_ligand,-5.46,-0.37,0.4352,5.370
P4H6__Molport-002-559-154_model_0_ligand,-5.30,-0.40,0.3347,4.271
P4H6__Molport-002-558-058_model_0_ligand,-6.01,-0.48,0.4274,4.275
P4H6__Molport-002-563-069_model_0_ligand,-4.62,-0.63,0.2681,3.971
P4H6__Molport-002-535-029_model_0_ligand,-6.49,-0.50,0.3732,5.625
P4H6__Molport-002-572-666_model_0_ligand,-5.01,-0.24,0.4441,4.127
P4H6__Molport-002-573-272_model_0_ligand,-5.29,-0.29,0.3153,4.091
P4H6__Molport-002-604-242_model_0_ligand,-5.83,0.65,0.3926,4.876
P4H6__Molport-002-575-772_model_0_ligand,-5.56,-0.42,0.3507,3.820
P4H6__Molport-002-605-165_model_0_ligand,-6.05,1.39,0.4320,5.267
P4H6__Molport-002-599-240_model_0_ligand,-5.91,0.53,0.2409,4.705
P4H6__Molport-002-573-239_model_0_ligand,-5.46,-0.73,0.3323,4.275
P4H6__Molport-002-598-313_model_0_ligand,-5.92,-0.43,0.3806,5.124
P4H6__Molport-002-620-301_model_0_ligand,-6.08,-0.35,0.4999,4.179
P4H6__Molport-002-560-979_model_0_ligand,-5.54,-1.19,0.4520,5.307
P4H6__Molport-002-606-741_model_0_ligand,-5.89,1.22,0.4410,5.420
P4H6__Molport-002-597-951_model_0_ligand,-5.43,-1.50,0.2631,4.965
P4H6__Molport-002-606-875_model_0_ligand,-5.46,0.67,0.2647,4.581
P4H6__Molport-002-650-602_model_0_ligand,-5.53,-0.59,0.2574,4.980
P4H6__Molport-002-618-535_model_0_ligand,-4.97,0.25,0.5357,4.791
P4H6__Molport-002-653-495_model_0_ligand,-5.51,-0.29,0.3968,3.997
P4H6__Molport-002-621-888_model_0_ligand,-4.39,0.20,0.3786,4.394
P4H6__Molport-002-667-080_model_0_ligand,-5.73,0.16,0.4123,3.816
P4H6__Molport-002-606-399_model_0_ligand,-5.08,-1.12,0.4546,5.051
P4H6__Molport-002-640-664_model_0_ligand,-5.68,-0.93,0.3615,3.997
P4H6__Molport-002-666-474_model_0_ligand,-5.38,0.69,0.4064,5.583
P4H6__Molport-002-655-451_model_0_ligand,-5.79,-0.41,0.4681,4.346
P4H6__Molport-002-678-292_model_0_ligand,-5.70,-0.59,0.2405,4.653
P4H6__Molport-002-686-710_model_0_ligand,-5.81,-0.33,0.4895,3.698
P4H6__Molport-002-891-300_model_0_ligand,-5.37,-0.27,0.5825,4.006
P4H6__Molport-002-915-160_model_0_ligand,-3.92,-0.18,0.7760,4.240
P4H6__Molport-002-809-855_model_0_ligand,-5.55,-0.44,0.5412,5.139
P4H6__Molport-002-910-367_model_0_ligand,-5.34,-0.29,0.6428,4.440
P4H6__Molport-002-674-620_model_0_ligand,-6.01,0.74,0.3840,4.788
P4H6__Molport-002-895-025_model_0_ligand,-5.28,-0.24,0.5578,4.545
P4H6__Molport-002-940-233_model_0_ligand,-5.60,-0.44,0.5686,4.213
P4H6__Molport-002-864-055_model_0_ligand,-5.32,-1.63,0.2750,4.850
P4H6__Molport-002-939-833_model_0_ligand,-5.93,0.12,0.5821,5.110
P4H6__Molport-002-742-672_model_0_ligand,-5.31,-0.73,0.4365,4.652
P4H6__Molport-002-990-956_model_0_ligand,-5.49,-0.62,0.5130,5.566
P4H6__Molport-002-678-737_model_0_ligand,-5.29,-0.20,0.1984,4.696
P4H6__Molport-002-993-977_model_0_ligand,-5.61,0.52,0.4784,4.691
P4H6__Molport-002-720-461_model_0_ligand,-5.61,-1.21,0.2354,4.503
P4H6__Molport-002-757-223_model_0_ligand,-5.78,-0.71,0.2311,3.835
P4H6__Molport-002-971-069_model_0_ligand,-5.51,-0.48,0.3434,5.158
P4H6__Molport-002-986-099_model_0_ligand,-5.63,0.40,0.4149,5.448
P4H6__Molport-003-048-264_model_0_ligand,-6.43,-0.09,0.4089,5.466
P4H6__Molport-003-125-209_model_0_ligand,-5.46,-0.39,0.5755,4.922
P4H6__Molport-003-104-854_model_0_ligand,-5.12,-0.09,0.4290,3.894
P4H6__Molport-003-042-619_model_0_ligand,-6.52,-0.70,0.5140,5.848
P4H6__Molport-002-994-393_model_0_ligand,-5.38,-1.00,0.2863,4.236
P4H6__Molport-003-699-925_model_0_ligand,-4.27,-0.37,0.5947,3.794
P4H6__Molport-003-803-580_model_0_ligand,-5.07,-0.11,0.5594,4.010
P4H6__Molport-004-786-922_model_0_ligand,-4.64,-0.07,0.5307,3.499
P4H6__Molport-003-183-404_model_0_ligand,-5.67,-0.50,0.2457,4.185
P4H6__Molport-003-128-279_model_0_ligand,-6.31,-0.78,0.6805,5.582
P4H6__Molport-003-136-495_model_0_ligand,-6.02,0.23,0.4545,4.494
P4H6__Molport-003-704-826_model_0_ligand,-5.42,-0.28,0.4775,3.752
P4H6__Molport-003-163-582_model_0_ligand,-4.79,-0.55,0.3998,4.187
P4H6__Molport-003-819-922_model_0_ligand,-4.79,-0.34,0.4496,4.086
P4H6__Molport-004-896-686_model_0_ligand,-5.07,0.09,0.6728,4.174
P4H6__Molport-003-812-040_model_0_ligand,-5.31,-0.90,0.3945,3.088
P4H6__Molport-003-142-953_model_0_ligand,-5.79,0.23,0.1758,3.993
P4H6__Molport-004-171-219_model_0_ligand,-5.48,0.28,0.2907,4.294
P4H6__Molport-003-139-040_model_0_ligand,-6.32,-0.67,0.5940,4.849
P4H6__Molport-003-820-652_model_0_ligand,-4.48,-0.74,0.7220,5.012
P4H6__Molport-003-163-571_model_0_ligand,-5.99,-0.88,0.4580,3.778
P4H6__Molport-004-969-764_model_0_ligand,-4.98,-0.32,0.5289,4.021
P4H6__Molport-004-906-102_model_0_ligand,-5.42,-0.62,0.4625,3.803
P4H6__Molport-005-309-311_model_0_ligand,-6.23,0.13,0.4954,5.364
P4H6__Molport-005-511-714_model_0_ligand,-5.47,-0.28,0.2449,4.706
P4H6__Molport-005-309-025_model_0_ligand,-5.32,-0.18,0.4971,3.634
P4H6__Molport-005-944-005_model_0_ligand,-5.05,-0.37,0.3912,4.093
P4H6__Molport-005-944-143_model_0_ligand,-5.46,-0.25,0.5633,3.786
P4H6__Molport-005-931-842_model_0_ligand,-5.91,-0.51,0.3463,4.710
P4H6__Molport-004-831-350_model_0_ligand,-5.64,-0.23,0.4789,4.111
P4H6__Molport-005-945-530_model_0_ligand,-5.12,0.39,0.6017,3.674
P4H6__Molport-005-292-590_model_0_ligand,-6.63,-0.25,0.4985,5.146
P4H6__Molport-006-388-356_model_0_ligand,-5.03,-0.26,0.3072,3.795
P4H6__Molport-005-931-385_model_0_ligand,-5.41,-0.97,0.4522,4.313
P4H6__Molport-006-318-181_model_0_ligand,-5.31,-0.66,0.7010,3.724
P4H6__Molport-005-292-456_model_0_ligand,-5.85,-0.45,0.3254,5.092
P4H6__Molport-006-780-402_model_0_ligand,-4.92,-0.30,0.3907,3.880
P4H6__Molport-005-309-419_model_0_ligand,-5.18,-1.32,0.1798,4.777
P4H6__Molport-004-980-617_model_0_ligand,-7.02,-0.49,0.2722,4.400
P4H6__Molport-005-916-776_model_0_ligand,-6.07,-0.71,0.2246,4.869
P4H6__Molport-007-550-567_model_0_ligand,-5.00,-0.40,0.4186,4.227
P4H6__Molport-008-121-532_model_0_ligand,-5.19,-0.23,0.2115,4.657
P4H6__Molport-007-834-568_model_0_ligand,-6.27,-0.65,0.2850,4.223
P4H6__Molport-007-615-060_model_0_ligand,-5.77,-0.52,0.5146,4.182
P4H6__Molport-007-726-521_model_0_ligand,-6.02,-0.41,0.2917,4.806
P4H6__Molport-008-292-964_model_0_ligand,-5.72,-0.76,0.1802,4.864
P4H6__Molport-007-874-485_model_0_ligand,-5.75,0.35,0.4714,5.055
P4H6__Molport-006-380-960_model_0_ligand,-6.30,-1.43,0.1625,5.057
P4H6__Molport-008-362-610_model_0_ligand,-5.37,0.14,0.3744,3.768
P4H6__Molport-008-289-505_model_0_ligand,-5.76,-0.35,0.1454,4.004
P4H6__Molport-008-362-193_model_0_ligand,-5.09,-0.30,0.3656,4.527
P4H6__Molport-007-837-676_model_0_ligand,-6.46,-0.64,0.3413,5.311
P4H6__Molport-007-837-618_model_0_ligand,-6.43,-0.05,0.4189,5.185
P4H6__Molport-008-286-274_model_0_ligand,-6.04,-0.43,0.4443,4.551
P4H6__Molport-007-837-633_model_0_ligand,-6.45,-1.04,0.5523,5.428
P4H6__Molport-007-837-641_model_0_ligand,-5.82,-1.12,0.5530,5.305
P4H6__Molport-008-286-383_model_0_ligand,-6.08,-0.76,0.5305,5.353
P4H6__Molport-008-321-332_model_0_ligand,-6.32,0.71,0.4373,5.030
P4H6__Molport-007-910-612_model_0_ligand,-5.58,0.43,0.2887,4.531
P4H6__Molport-007-722-553_model_0_ligand,-6.54,-0.46,0.2241,4.433
P4H6__Molport-008-340-817_model_0_ligand,-6.80,-0.36,0.2683,4.764
P4H6__Molport-009-497-251_model_0_ligand,-5.08,0.49,0.4891,4.297
P4H6__Molport-008-373-761_model_0_ligand,-5.87,-0.44,0.4773,4.163
P4H6__Molport-008-379-276_model_0_ligand,-5.76,-0.28,0.4853,3.343
P4H6__Molport-008-362-619_model_0_ligand,-5.69,-0.69,0.2190,3.582
P4H6__Molport-008-365-934_model_0_ligand,-5.59,-0.68,0.2538,4.617
P4H6__Molport-009-723-089_model_0_ligand,-5.88,-0.43,0.5663,4.991
P4H6__Molport-009-749-071_model_0_ligand,-5.91,-0.27,0.3379,4.764
P4H6__Molport-009-748-378_model_0_ligand,-6.22,-0.41,0.3896,4.756
P4H6__Molport-016-609-747_model_0_ligand,-4.59,-0.40,0.4788,3.754
P4H6__Molport-010-854-530_model_0_ligand,-5.45,-0.26,0.2713,3.597
P4H6__Molport-016-641-490_model_0_ligand,-5.83,-0.47,0.2139,4.840
P4H6__Molport-010-911-058_model_0_ligand,-5.93,0.34,0.4383,4.946
P4H6__Molport-015-153-442_model_0_ligand,-5.04,-0.17,0.6677,3.952
P4H6__Molport-010-769-323_model_0_ligand,-6.35,-0.40,0.4172,4.787
P4H6__Molport-016-590-266_model_0_ligand,-6.11,-0.13,0.4525,4.363
P4H6__Molport-019-806-470_model_0_ligand,-5.57,0.41,0.3691,3.618
P4H6__Molport-019-784-041_model_0_ligand,-5.21,0.09,0.2671,4.606
P4H6__Molport-010-967-918_model_0_ligand,-6.11,0.32,0.4915,4.831
P4H6__Molport-016-698-684_model_0_ligand,-4.93,0.07,0.5325,4.623
P4H6__Molport-016-702-138_model_0_ligand,-5.35,-0.83,0.6291,6.008
P4H6__Molport-016-706-731_model_0_ligand,-6.02,-0.59,0.3632,4.608
P4H6__Molport-016-698-698_model_0_ligand,-5.59,-0.85,0.3736,4.631
P4H6__Molport-016-684-633_model_0_ligand,-4.93,0.12,0.3315,4.649
P4H6__Molport-019-795-835_model_0_ligand,-5.58,-0.40,0.4746,4.608
P4H6__Molport-016-702-122_model_0_ligand,-5.04,-0.91,0.2335,5.052
P4H6__Molport-019-628-452_model_0_ligand,-6.40,0.07,0.3805,4.605
P4H6__Molport-019-806-860_model_0_ligand,-5.59,-0.15,0.4742,4.490
P4H6__Molport-019-892-255_model_0_ligand,-5.36,1.81,0.4695,4.622
P4H6__Molport-019-565-760_model_0_ligand,-6.01,-0.70,0.4430,4.379
P4H6__Molport-020-210-190_model_0_ligand,-5.04,-0.74,0.3218,4.221
P4H6__Molport-020-233-359_model_0_ligand,-4.88,-0.68,0.3837,3.958
P4H6__Molport-019-826-531_model_0_ligand,-5.71,-0.16,0.4795,4.654
P4H6__Molport-019-891-948_model_0_ligand,-6.33,-1.13,0.2535,4.619
P4H6__Molport-020-240-194_model_0_ligand,-5.55,-0.09,0.2689,3.657
P4H6__Molport-020-223-654_model_0_ligand,-5.95,-0.49,0.5315,4.042
P4H6__Molport-019-892-860_model_0_ligand,-5.54,-0.44,0.5084,4.190
P4H6__Molport-019-907-574_model_0_ligand,-5.75,0.61,0.4306,4.326
P4H6__Molport-020-288-603_model_0_ligand,-5.24,-0.53,0.4740,4.231
P4H6__Molport-019-909-569_model_0_ligand,-5.21,-0.12,0.2982,4.314
P4H6__Molport-019-950-260_model_0_ligand,-5.70,-0.98,0.3878,4.892
P4H6__Molport-021-756-125_model_0_ligand,-4.50,-0.22,0.2866,3.893
P4H6__Molport-022-379-188_model_0_ligand,-4.30,-0.48,0.5072,3.045
P4H6__Molport-022-384-912_model_0_ligand,-4.23,-0.19,0.3100,3.557
P4H6__Molport-021-768-983_model_0_ligand,-4.58,-0.66,0.1954,4.107
P4H6__Molport-021-766-840_model_0_ligand,-4.98,-0.61,0.4170,5.018
P4H6__Molport-020-293-604_model_0_ligand,-6.04,-0.34,0.1261,4.264
P4H6__Molport-021-804-487_model_0_ligand,-4.14,-0.49,0.3239,3.976
P4H6__Molport-023-209-293_model_0_ligand,-4.92,-0.34,0.5330,4.272
P4H6__Molport-021-778-511_model_0_ligand,-6.70,0.04,0.4185,5.112
P4H6__Molport-020-288-986_model_0_ligand,-5.28,-0.98,0.1304,3.692
P4H6__Molport-021-773-379_model_0_ligand,-5.21,-0.38,0.2225,3.827
P4H6__Molport-021-772-937_model_0_ligand,-5.10,-0.64,0.2044,4.320
P4H6__Molport-023-251-143_model_0_ligand,-4.79,-0.37,0.3590,3.966
P4H6__Molport-023-204-798_model_0_ligand,-6.23,1.20,0.4206,4.456
P4H6__Molport-023-252-365_model_0_ligand,-4.66,-0.73,0.2024,4.851
P4H6__Molport-023-279-013_model_0_ligand,-5.44,-0.74,0.3762,3.742
P4H6__Molport-023-261-001_model_0_ligand,-5.04,-0.35,0.2403,4.098
P4H6__Molport-023-272-931_model_0_ligand,-4.83,-0.43,0.3751,3.804
P4H6__Molport-023-208-790_model_0_ligand,-7.06,-0.68,0.4380,5.259
P4H6__Molport-023-212-329_model_0_ligand,-5.96,-0.43,0.4141,3.869
P4H6__Molport-023-316-305_model_0_ligand,-4.91,-0.27,0.2344,4.185
P4H6__Molport-023-281-545_model_0_ligand,-5.22,0.20,0.4602,4.430
P4H6__Molport-027-718-654_model_0_ligand,-5.70,-0.63,0.4088,4.680
P4H6__Molport-023-297-478_model_0_ligand,-5.08,-0.55,0.3497,4.395
P4H6__Molport-023-255-952_model_0_ligand,-5.93,-0.55,0.3679,4.155
P4H6__Molport-023-267-367_model_0_ligand,-5.30,-0.26,0.2032,3.584
P4H6__Molport-027-718-762_model_0_ligand,-5.27,0.01,0.5020,4.890
P4H6__Molport-023-255-995_model_0_ligand,-5.64,4.85,0.2184,3.781
P4H6__Molport-023-276-308_model_0_ligand,-5.19,-0.56,0.2065,4.966
P4H6__Molport-027-815-041_model_0_ligand,-5.66,-0.08,0.7281,5.059
P4H6__Molport-023-333-856_model_0_ligand,-6.62,-0.93,0.4008,5.105
P4H6__Molport-027-814-713_model_0_ligand,-5.78,0.64,0.4017,5.050
P4H6__Molport-023-266-039_model_0_ligand,-5.16,-0.09,0.2651,4.106
P4H6__Molport-027-826-233_model_0_ligand,-5.81,0.39,0.4695,5.155
P4H6__Molport-027-844-637_model_0_ligand,-5.42,-0.06,0.5582,4.222
P4H6__Molport-027-603-086_model_0_ligand,-6.13,-1.35,0.1880,4.512
P4H6__Molport-027-844-437_model_0_ligand,-7.19,-0.48,0.3320,4.910
P4H6__Molport-027-866-305_model_0_ligand,-4.55,-0.53,0.3745,3.989
P4H6__Molport-027-850-662_model_0_ligand,-5.19,-0.56,0.4736,4.590
P4H6__Molport-027-858-773_model_0_ligand,-6.03,-0.46,0.2913,4.590
P4H6__Molport-027-820-436_model_0_ligand,-5.48,-1.03,0.5391,4.868
P4H6__Molport-027-718-100_model_0_ligand,-6.02,0.28,0.2426,4.438
P4H6__Molport-027-866-722_model_0_ligand,-5.82,-0.32,0.3197,4.103
P4H6__Molport-027-855-476_model_0_ligand,-5.33,-0.68,0.3699,4.640
P4H6__Molport-027-869-748_model_0_ligand,-5.10,-0.53,0.2783,4.395
P4H6__Molport-027-871-996_model_0_ligand,-5.55,0.56,0.3764,5.226
P4H6__Molport-027-871-804_model_0_ligand,-5.85,-0.54,0.3451,5.215
P4H6__Molport-027-870-190_model_0_ligand,-5.15,-0.60,0.3260,4.734
P4H6__Molport-027-881-843_model_0_ligand,-5.11,-0.60,0.1617,4.408
P4H6__Molport-028-575-003_model_0_ligand,-5.17,-0.38,0.3171,4.281
P4H6__Molport-028-578-840_model_0_ligand,-5.50,0.04,0.2860,4.502
P4H6__Molport-027-877-044_model_0_ligand,-5.31,-0.70,0.2497,4.263
P4H6__Molport-027-888-928_model_0_ligand,-4.71,-0.39,0.6807,4.610
P4H6__Molport-028-580-579_model_0_ligand,-4.94,-0.41,0.3410,4.023
P4H6__Molport-028-598-482_model_0_ligand,-5.17,-0.50,0.4038,3.997
P4H6__Molport-027-883-426_model_0_ligand,-5.97,-0.40,0.1866,3.835
P4H6__Molport-027-888-427_model_0_ligand,-4.83,-0.10,0.2814,3.588
P4H6__Molport-028-588-135_model_0_ligand,-5.48,0.29,0.2250,4.599
P4H6__Molport-028-596-222_model_0_ligand,-5.12,-0.77,0.2025,3.570
P4H6__Molport-028-596-723_model_0_ligand,-4.87,-0.48,0.4423,4.549
P4H6__Molport-028-734-906_model_0_ligand,-5.29,-0.27,0.2633,4.663
P4H6__Molport-028-724-001_model_0_ligand,-5.04,-0.36,0.3284,3.884
P4H6__Molport-028-607-607_model_0_ligand,-5.40,-0.21,0.3053,4.972
P4H6__Molport-028-597-207_model_0_ligand,-5.63,-0.74,0.3001,4.464
P4H6__Molport-028-604-807_model_0_ligand,-6.01,0.77,0.2289,4.834
P4H6__Molport-028-604-524_model_0_ligand,-5.90,-0.82,0.1303,3.923
P4H6__Molport-028-606-048_model_0_ligand,-6.02,-0.36,0.3231,3.961
P4H6__Molport-028-724-169_model_0_ligand,-4.76,-0.50,0.2587,4.359
P4H6__Molport-028-589-431_model_0_ligand,-5.80,-0.59,0.2469,3.889
P4H6__Molport-028-738-049_model_0_ligand,-5.66,-0.33,0.2050,4.729
P4H6__Molport-028-851-664_model_0_ligand,-5.63,0.25,0.4017,4.185
P4H6__Molport-028-853-104_model_0_ligand,-5.92,0.55,0.2662,4.466
P4H6__Molport-028-737-535_model_0_ligand,-6.02,-0.75,0.2666,4.326
P4H6__Molport-028-855-055_model_0_ligand,-4.68,-0.57,0.5635,4.116
P4H6__Molport-028-854-892_model_0_ligand,-6.01,1.05,0.5375,5.001
P4H6__Molport-028-853-258_model_0_ligand,-5.87,-0.60,0.3582,4.247
P4H6__Molport-028-856-364_model_0_ligand,-6.09,0.62,0.4278,4.453
P4H6__Molport-028-855-905_model_0_ligand,-6.23,1.23,0.3897,4.414
P4H6__Molport-028-855-375_model_0_ligand,-6.46,-0.80,0.3451,5.219
P4H6__Molport-028-854-811_model_0_ligand,-5.28,-0.15,0.5803,5.180
P4H6__Molport-028-855-173_model_0_ligand,-6.08,1.58,0.2801,4.829
P4H6__Molport-028-855-766_model_0_ligand,-5.67,0.01,0.5765,4.782
P4H6__Molport-028-855-796_model_0_ligand,-5.47,-0.29,0.5742,4.948
P4H6__Molport-028-855-459_model_0_ligand,-5.63,0.31,0.3567,4.068
P4H6__Molport-028-856-522_model_0_ligand,-6.00,1.92,0.3834,4.387
P4H6__Molport-028-855-382_model_0_ligand,-5.54,1.06,0.6465,5.070
P4H6__Molport-028-856-188_model_0_ligand,-5.35,-0.56,0.3590,4.997
P4H6__Molport-028-855-529_model_0_ligand,-5.40,0.15,0.4398,5.152
P4H6__Molport-028-856-087_model_0_ligand,-6.33,0.25,0.3621,4.674
P4H6__Molport-028-856-094_model_0_ligand,-5.69,-0.06,0.3324,4.967
P4H6__Molport-028-855-587_model_0_ligand,-6.09,-0.58,0.3169,5.466
P4H6__Molport-028-863-107_model_0_ligand,-6.30,-0.75,0.3692,4.773
P4H6__Molport-028-863-106_model_0_ligand,-6.30,-0.81,0.4793,5.204
P4H6__Molport-029-883-548_model_0_ligand,-5.24,-0.49,0.5489,4.700
P4H6__Molport-029-883-776_model_0_ligand,-5.67,1.62,0.3724,4.393
P4H6__Molport-029-884-504_model_0_ligand,-6.13,-0.38,0.4599,5.144
P4H6__Molport-029-901-654_model_0_ligand,-4.22,-0.38,0.7373,3.336
P4H6__Molport-030-058-067_model_0_ligand,-5.09,-0.57,0.5918,4.009
P4H6__Molport-030-041-973_model_0_ligand,-5.28,-0.48,0.1923,3.433
P4H6__Molport-030-048-432_model_0_ligand,-5.76,-0.60,0.1907,3.960
P4H6__Molport-030-069-355_model_0_ligand,-5.38,0.11,0.5268,5.052
P4H6__Molport-035-706-480_model_0_ligand,-5.95,0.14,0.6496,4.171
P4H6__Molport-030-075-862_model_0_ligand,-6.15,-0.08,0.4318,4.195
P4H6__Molport-035-706-532_model_0_ligand,-5.79,0.00,0.5279,3.536
P4H6__Molport-030-064-919_model_0_ligand,-5.22,0.78,0.4064,4.558
P4H6__Molport-035-706-506_model_0_ligand,-6.06,-0.05,0.4716,3.830
P4H6__Molport-035-381-251_model_0_ligand,-5.47,0.31,0.2521,4.018
P4H6__Molport-030-075-932_model_0_ligand,-6.24,-0.37,0.4505,4.457
P4H6__Molport-029-885-564_model_0_ligand,-5.09,-0.43,0.4883,5.105
P4H6__Molport-035-784-583_model_0_ligand,-4.08,-0.19,0.3929,3.988
P4H6__Molport-030-068-723_model_0_ligand,-6.12,-0.73,0.4136,4.520
P4H6__Molport-035-705-765_model_0_ligand,-5.23,-0.67,0.3608,4.027
P4H6__Molport-035-704-098_model_0_ligand,-5.71,-0.39,0.2742,4.756
P4H6__Molport-035-701-052_model_0_ligand,-5.54,-0.45,0.3481,4.847
P4H6__Molport-035-821-277_model_0_ligand,-5.31,-0.45,0.3487,3.691
P4H6__Molport-035-858-545_model_0_ligand,-5.18,-0.37,0.3802,4.148
P4H6__Molport-035-821-725_model_0_ligand,-5.29,-0.47,0.5513,4.069
P4H6__Molport-035-941-544_model_0_ligand,-5.30,-0.09,0.7368,4.178
P4H6__Molport-038-393-610_model_0_ligand,-5.36,-0.37,0.4123,4.800
P4H6__Molport-035-873-724_model_0_ligand,-6.45,-0.58,0.4297,4.872
P4H6__Molport-038-421-314_model_0_ligand,-5.67,-0.48,0.4711,4.684
P4H6__Molport-038-396-912_model_0_ligand,-5.30,0.07,0.5730,4.960
P4H6__Molport-035-879-400_model_0_ligand,-5.75,-0.33,0.4731,4.066
P4H6__Molport-035-881-848_model_0_ligand,-5.54,-0.72,0.6619,5.019
P4H6__Molport-038-425-751_model_0_ligand,-5.20,-0.41,0.3021,4.745
P4H6__Molport-038-416-973_model_0_ligand,-5.67,-0.75,0.3991,4.496
P4H6__Molport-038-942-141_model_0_ligand,-4.95,-0.17,0.5971,3.824
P4H6__Molport-039-063-540_model_0_ligand,-4.44,-0.46,0.5100,3.129
P4H6__Molport-039-027-166_model_0_ligand,-5.36,-0.29,0.5163,4.313
P4H6__Molport-039-043-536_model_0_ligand,-5.02,-0.26,0.4513,3.954
P4H6__Molport-039-052-281_model_0_ligand,-5.79,1.38,0.5855,4.160
P4H6__Molport-039-040-315_model_0_ligand,-5.61,-0.44,0.3231,3.838
P4H6__Molport-038-393-987_model_0_ligand,-5.38,-0.71,0.2463,4.391
P4H6__Molport-039-054-032_model_0_ligand,-4.73,-0.53,0.5554,4.052
P4H6__Molport-038-422-514_model_0_ligand,-5.60,0.37,0.5640,5.876
P4H6__Molport-039-063-552_model_0_ligand,-4.54,-0.56,0.4946,3.184
P4H6__Molport-039-049-068_model_0_ligand,-5.53,-0.89,0.5011,4.073
P4H6__Molport-039-074-631_model_0_ligand,-5.90,-0.55,0.3598,4.009
P4H6__Molport-044-562-218_model_0_ligand,-5.07,0.00,0.4808,3.745
P4H6__Molport-039-142-001_model_0_ligand,-5.31,0.37,0.6655,3.414
P4H6__Molport-044-723-216_model_0_ligand,-5.50,0.00,0.5296,3.453
P4H6__Molport-039-337-902_model_0_ligand,-5.30,-1.05,0.2977,4.540
P4H6__Molport-039-116-911_model_0_ligand,-6.02,0.11,0.2263,3.648
P4H6__Molport-039-216-584_model_0_ligand,-5.46,0.16,0.3764,4.271
P4H6__Molport-039-106-605_model_0_ligand,-5.41,0.73,0.6494,4.566
P4H6__Molport-044-725-914_model_0_ligand,-5.98,-0.32,0.6598,5.448
P4H6__Molport-044-706-379_model_0_ligand,-5.80,-0.59,0.4268,4.255
P4H6__Molport-045-919-233_model_0_ligand,-5.51,0.06,0.2541,5.198
P4H6__Molport-039-194-160_model_0_ligand,-5.26,0.40,0.3359,4.634
P4H6__Molport-044-683-986_model_0_ligand,-4.84,-0.45,0.3915,3.956
P4H6__Molport-039-106-661_model_0_ligand,-5.53,-0.44,0.2603,3.629
P4H6__Molport-042-618-896_model_0_ligand,-5.92,0.52,0.2336,4.333
P4H6__Molport-042-668-093_model_0_ligand,-5.66,-0.44,0.4360,4.440
P4H6__Molport-046-832-270_model_0_ligand,-5.21,-0.23,0.4371,3.793
P4H6__Molport-044-680-741_model_0_ligand,-5.61,-0.55,0.2252,3.741
P4H6__Molport-042-665-674_model_0_ligand,-4.52,-0.83,0.2533,3.372
P4H6__Molport-046-790-411_model_0_ligand,-5.76,-0.32,0.5220,4.125
P4H6__Molport-044-754-013_model_0_ligand,-5.07,-0.37,0.2901,4.259
P4H6__Molport-045-933-006_model_0_ligand,-6.08,-0.59,0.1311,4.520
P4H6__Molport-046-508-982_model_0_ligand,-5.14,-0.23,0.3606,3.430
P4H6__Molport-046-845-426_model_0_ligand,-5.05,-0.62,0.3748,3.797
P4H6__Molport-046-178-522_model_0_ligand,-5.80,-0.20,0.3816,4.647
P4H6__Molport-046-607-570_model_0_ligand,-5.95,-0.47,0.2921,4.382
P4H6__Molport-047-152-586_model_0_ligand,-5.84,0.60,0.5492,3.462
P4H6__Molport-046-980-684_model_0_ligand,-5.09,-0.16,0.2007,3.973
P4H6__Molport-047-075-166_model_0_ligand,-6.29,0.61,0.2543,4.603
P4H6__Molport-047-079-591_model_0_ligand,-4.85,-0.58,0.3293,4.570
P4H6__Molport-047-144-551_model_0_ligand,-5.73,-0.09,0.4705,4.504
P4H6__Molport-046-953-938_model_0_ligand,-6.04,-0.79,0.5633,4.874
P4H6__Molport-047-010-725_model_0_ligand,-6.42,1.35,0.2635,5.595
P4H6__Molport-047-033-827_model_0_ligand,-5.40,0.05,0.2283,4.611
P4H6__Molport-047-235-206_model_0_ligand,-5.04,-0.28,0.6400,4.913
P4H6__Molport-046-068-247_model_0_ligand,-5.96,-0.25,0.4018,4.503
P4H6__Molport-047-142-994_model_0_ligand,-5.53,0.16,0.5356,5.797
P4H6__Molport-047-259-967_model_0_ligand,-5.45,-0.44,0.4346,4.291
P4H6__Molport-047-067-330_model_0_ligand,-5.52,-1.35,0.2308,4.052
P4H6__Molport-047-264-904_model_0_ligand,-4.76,0.46,0.4742,4.363
P4H6__Molport-047-283-934_model_0_ligand,-5.09,-0.37,0.3433,3.855
P4H6__Molport-047-067-008_model_0_ligand,-5.50,0.22,0.2038,4.434
P4H6__Molport-047-067-323_model_0_ligand,-5.51,-0.94,0.1322,4.024
P4H6__Molport-047-036-622_model_0_ligand,-6.10,-1.10,0.1521,4.476
P4H6__Molport-047-067-316_model_0_ligand,-5.76,-0.55,0.1249,3.798
P4H6__Molport-047-067-328_model_0_ligand,-6.20,-1.02,0.1477,4.535
P4H6__Molport-047-306-783_model_0_ligand,-4.36,-0.18,0.4404,3.248
P4H6__Molport-047-285-857_model_0_ligand,-4.89,-0.13,0.3187,4.239
P4H6__Molport-047-293-320_model_0_ligand,-4.54,-0.88,0.3601,4.722
P4H6__Molport-047-290-649_model_0_ligand,-4.69,-0.25,0.3673,4.096
P4H6__Molport-047-393-096_model_0_ligand,-4.80,0.05,0.2999,4.621
P4H6__Molport-047-396-915_model_0_ligand,-5.21,-0.41,0.3892,4.784
P4H6__Molport-047-483-893_model_0_ligand,-4.65,0.03,0.3176,4.199
P4H6__Molport-047-388-523_model_0_ligand,-5.32,-0.79,0.2854,4.443
P4H6__Molport-047-496-842_model_0_ligand,-5.51,-0.79,0.3449,3.975
P4H6__Molport-047-390-563_model_0_ligand,-5.83,-0.49,0.3236,4.127
P4H6__Molport-047-493-281_model_0_ligand,-5.83,-0.29,0.3875,4.135
P4H6__Molport-047-394-811_model_0_ligand,-4.74,0.67,0.3857,5.211
P4H6__Molport-047-390-439_model_0_ligand,-5.29,-0.98,0.3345,4.895
P4H6__Molport-047-502-061_model_0_ligand,-5.78,-0.48,0.2200,4.297
P4H6__Molport-047-489-114_model_0_ligand,-5.84,-0.55,0.1917,4.124
P4H6__Molport-047-527-874_model_0_ligand,-5.18,0.43,0.2662,4.153
P4H6__Molport-047-581-993_model_0_ligand,-4.72,-0.50,0.5888,3.044
P4H6__Molport-047-517-878_model_0_ligand,-5.07,-0.41,0.3576,4.131
P4H6__Molport-047-515-002_model_0_ligand,-5.11,-0.50,0.5430,4.766
P4H6__Molport-047-694-105_model_0_ligand,-4.60,0.23,0.3979,4.271
P4H6__Molport-047-708-637_model_0_ligand,-4.09,-0.24,0.2893,4.135
P4H6__Molport-047-695-652_model_0_ligand,-5.20,-0.30,0.5253,5.066
P4H6__Molport-047-730-485_model_0_ligand,-4.58,-0.74,0.2955,4.924
P4H6__Molport-047-661-128_model_0_ligand,-5.39,-0.65,0.2282,4.273
P4H6__Molport-047-516-736_model_0_ligand,-6.02,-0.47,0.1703,3.982
P4H6__Molport-047-733-668_model_0_ligand,-5.87,-0.31,0.3218,5.007
P4H6__Molport-047-733-906_model_0_ligand,-5.17,-0.68,0.4055,5.181
P4H6__Molport-047-676-774_model_0_ligand,-5.88,-0.86,0.2930,4.047
P4H6__Molport-047-921-794_model_0_ligand,-4.96,-0.51,0.5447,6.196
P4H6__Molport-047-795-802_model_0_ligand,-5.77,0.42,0.4541,4.438
P4H6__Molport-047-805-123_model_0_ligand,-5.16,-0.39,0.3010,3.981
P4H6__Molport-047-945-911_model_0_ligand,-5.28,-0.15,0.6351,3.924
P4H6__Molport-047-948-299_model_0_ligand,-5.46,0.36,0.8797,4.200
P4H6__Molport-047-934-455_model_0_ligand,-5.86,0.58,0.1924,4.609
P4H6__Molport-047-948-115_model_0_ligand,-5.59,0.32,0.8618,4.349
P4H6__Molport-047-934-464_model_0_ligand,-6.40,0.97,0.4844,4.675
P4H6__Molport-047-934-436_model_0_ligand,-5.65,-0.77,0.4293,5.315
P4H6__Molport-047-924-209_model_0_ligand,-4.72,-1.40,0.3788,4.304
P4H6__Molport-047-948-085_model_0_ligand,-5.77,0.51,0.8665,4.728
P4H6__Molport-051-448-117_model_0_ligand,-4.24,0.42,0.5797,3.923
P4H6__Molport-047-934-466_model_0_ligand,-5.96,0.13,0.3033,4.946
P4H6__Molport-049-202-385_model_0_ligand,-5.50,1.75,0.5979,5.768
P4H6__Molport-047-960-220_model_0_ligand,-5.64,-1.36,0.5740,5.378
P4H6__Molport-051-461-119_model_0_ligand,-4.71,-0.43,0.6423,4.100
P4H6__Molport-051-504-793_model_0_ligand,-4.70,1.18,0.2347,3.942
P4H6__Molport-051-452-045_model_0_ligand,-4.87,-0.53,0.2249,4.182
P4H6__Molport-051-473-283_model_0_ligand,-5.03,0.93,0.5828,4.181
P4H6__Molport-051-453-625_model_0_ligand,-5.01,-0.66,0.4677,4.980
P4H6__Molport-051-450-795_model_0_ligand,-5.53,0.66,0.4885,4.718
P4H6__Molport-051-466-456_model_0_ligand,-4.87,0.78,0.1695,4.717
P4H6__Molport-051-538-477_model_0_ligand,-5.69,0.44,0.1801,3.948
P4H6__Molport-051-531-550_model_0_ligand,-5.66,-0.70,0.4762,5.701
P4H6__Molport-051-541-655_model_0_ligand,-5.72,-0.45,0.3153,4.629
P4H6__Molport-051-529-367_model_0_ligand,-5.67,0.36,0.3785,4.882
P4H6__Molport-051-532-147_model_0_ligand,-5.37,0.02,0.2748,4.893
P4H6__Molport-051-627-338_model_0_ligand,-5.11,-0.74,0.2079,4.489
P4H6__Molport-051-625-825_model_0_ligand,-5.95,-1.04,0.1862,3.447
P4H6__Molport-051-630-070_model_0_ligand,-5.04,0.16,0.1913,3.962
P4H6__Molport-051-578-665_model_0_ligand,-5.21,-0.50,0.1666,4.844
P4H6__Molport-051-589-053_model_0_ligand,-6.25,2.36,0.6015,4.998
P4H6__Molport-051-702-679_model_0_ligand,-5.98,-0.63,0.4119,4.297
P4H6__Molport-051-630-852_model_0_ligand,-4.74,-0.68,0.4080,5.300
P4H6__Molport-051-651-967_model_0_ligand,-6.28,-0.16,0.3824,4.464
P4H6__Molport-051-627-088_model_0_ligand,-5.29,-0.80,0.2032,4.630
P4H6__Molport-051-700-905_model_0_ligand,-5.92,-0.73,0.3148,5.118
P4H6__Molport-051-637-802_model_0_ligand,-4.96,-1.14,0.1671,4.251
P4H6__Molport-051-705-944_model_0_ligand,-5.41,-0.45,0.1785,4.137
P4H6__Molport-051-709-128_model_0_ligand,-5.24,-0.48,0.1981,5.016
P4H6__Molport-051-702-810_model_0_ligand,-5.48,-0.68,0.2587,4.378
P4H6__Molport-051-714-331_model_0_ligand,-6.01,-0.80,0.2955,4.654
P4H6__Molport-051-715-872_model_0_ligand,-5.57,-0.38,0.4280,5.167
P4H6__Molport-051-707-178_model_0_ligand,-6.47,-0.78,0.3358,4.980
P4H6__Molport-051-710-617_model_0_ligand,-6.00,-0.94,0.4540,4.759
P4H6__Molport-051-709-443_model_0_ligand,-5.59,-0.95,0.1597,4.014
P4H6__Molport-051-712-683_model_0_ligand,-5.47,-0.87,0.2839,4.204
P4H6__Molport-051-716-012_model_0_ligand,-5.52,-0.68,0.2522,4.651
P4H6__Molport-051-730-731_model_0_ligand,-4.48,-0.48,0.1625,3.637
P4H6__Molport-051-717-099_model_0_ligand,-5.37,-0.67,0.4489,5.649
P4H6__Molport-051-747-493_model_0_ligand,-4.75,1.17,0.5399,3.860
P4H6__Molport-051-816-678_model_0_ligand,-4.67,-0.06,0.2741,3.827
P4H6__Molport-051-742-881_model_0_ligand,-6.37,-0.55,0.3742,4.901
P4H6__Molport-051-743-800_model_0_ligand,-6.63,-0.77,0.2057,5.027
P4H6__Molport-051-752-477_model_0_ligand,-5.75,-0.56,0.3616,5.019
P4H6__Molport-051-749-830_model_0_ligand,-6.42,3.61,0.2400,4.528
P4H6__Molport-051-751-604_model_0_ligand,-5.74,-0.02,0.3843,5.314
P4H6__Molport-051-753-443_model_0_ligand,-5.87,-0.05,0.4684,4.612
P4H6__Molport-051-835-143_model_0_ligand,-5.19,-0.54,0.5505,4.319
P4H6__Molport-051-743-489_model_0_ligand,-5.67,-0.60,0.1934,4.409
P4H6__Molport-051-841-549_model_0_ligand,-5.27,-0.12,0.3813,4.523
P4H6__Molport-051-717-313_model_0_ligand,-5.57,-0.74,0.4123,4.622
P4H6__Molport-051-748-937_model_0_ligand,-6.14,-0.62,0.2714,4.809
P4H6__Molport-051-754-244_model_0_ligand,-6.21,-0.67,0.3172,4.859
P4H6__Molport-051-912-406_model_0_ligand,-5.88,1.19,0.6440,3.866
P4H6__Molport-051-910-002_model_0_ligand,-5.04,-0.33,0.4290,3.922
P4H6__Molport-051-886-850_model_0_ligand,-6.02,-0.67,0.4616,4.708
P4H6__Molport-051-866-096_model_0_ligand,-5.37,0.02,0.1635,3.798
P4H6__Molport-051-938-203_model_0_ligand,-6.22,-0.69,0.5286,4.056
P4H6__Molport-051-869-505_model_0_ligand,-5.47,-0.93,0.6150,4.921
P4H6__Molport-051-868-764_model_0_ligand,-5.49,-1.27,0.3062,4.919
P4H6__Molport-051-919-177_model_0_ligand,-4.83,-1.25,0.2885,4.420
P4H6__Molport-051-915-260_model_0_ligand,-6.14,-0.64,0.3416,4.492
P4H6__Molport-051-917-173_model_0_ligand,-6.00,0.12,0.3874,4.647
